doc_id,batch_id,file_name,title,year,authors_or_orgs,publishing_org_id,publisher,document_type,source_url,doi,apa_reference,in_text_citation,bibliography_status,notes,candidate_status,candidate_confidence,candidate_source_url,candidate_pdf_url,candidate_uploaded_pdf_match,candidate_apa_reference,candidate_notes,manual_review_next_step,previous_doc_id,apa_source_url_used,apa_source_basis,apa_completion_status
DOC-001,Batch 09,Relat_Cerrado-2022-2023_English.pdf,Cerrado Monitoring Report,2024.0,ABIOVE,ORG-001,,PDF,https://abiove.org.br/biblioteca/2023-cerrado-monitoring-report-2/,,ABIOVE. (2024). Cerrado Monitoring Report. https://abiove.org.br/biblioteca/2023-cerrado-monitoring-report-2/,"(ABIOVE, 2024)",Verified - web matched,One-to-one rerun: cleared previous candidate 'DIASCA_Forest_Monitoring_Guidance1.pdf' because it was assigned to DOC-075 as the more likely match. | Web-seeded correction: official ABIOVE PDF filename matches uploaded Batch_09/Relat_Cerrado-2022-2023_English.pdf.,official_pdf_found_matches_uploaded_pdf,High,https://abiove.org.br/biblioteca/2023-cerrado-monitoring-report-2/,https://abiove.org.br/abiove_content/Abiove/Relat_Cerrado-2022-2023_English.pdf,Batch_09/Relat_Cerrado-2022-2023_English.pdf,ABIOVE. (2024). Cerrado Monitoring Report.,Official ABIOVE Cerrado Monitoring page/source found; uploaded PDF filename exactly matches official PDF filename from ABIOVE content path. Populate as unique match candidate.,Confirm match and move from unmatched inventory to verified B1 record.,DOC-001,https://abiove.org.br/biblioteca/2023-cerrado-monitoring-report-2/,source_url,APA complete - public source URL
DOC-002,Batch 06,Cartilha-de-Criterios-Socioambientais-Fasciculo-III-Ingles-compressed.pdf,Socio-Environmental Criteria; Library,2024.0,ABIOVE,ORG-001,,PDF,https://abiove.org.br/abiove_content/Abiove/Cartilha-de-Criterios-Socioambientais-Fasciculo-III-Ingles-compressed.pdf,,ABIOVE. (2024). Socio-Environmental Criteria; Library. https://abiove.org.br/abiove_content/Abiove/Cartilha-de-Criterios-Socioambientais-Fasciculo-III-Ingles-compressed.pdf,"(ABIOVE, 2024)",Verified,Reconciliation: High URL filename score=1.0; title_score=0.478. | One-to-one rerun: retained as the unique assignment for this PDF.,,,,,,,,,DOC-002,https://abiove.org.br/abiove_content/Abiove/Cartilha-de-Criterios-Socioambientais-Fasciculo-III-Ingles-compressed.pdf,source_url,APA complete - public source URL
DOC-003,Batch 06,Relatorio-Moratoria-da-Soja_2022-23.pdf,MORATÓRIA DA SOJA Desmatamento-zero na Amazônia Monitoramento da soja por imagens de satélites SAFRA 2022/23,2022.0,ABIOVE,ORG-001,,PDF,https://abiove.org.br/abiove_content/Abiove/Relatorio-Moratoria-da-Soja_2022-23.pdf,,ABIOVE. (2022). MORATÓRIA DA SOJA Desmatamento-zero na Amazônia Monitoramento da soja por imagens de satélites SAFRA 2022/23. https://abiove.org.br/abiove_content/Abiove/Relatorio-Moratoria-da-Soja_2022-23.pdf,"(ABIOVE, 2022)",Verified,Reconciliation: High URL filename score=1.0; title_score=1.0. | One-to-one rerun: retained as the unique assignment for this PDF.,,,,,,,,,DOC-046,https://abiove.org.br/abiove_content/Abiove/Relatorio-Moratoria-da-Soja_2022-23.pdf,source_url,APA complete - public source URL
DOC-004,Batch 08,OG_Monitoring_Verification-2020-5.pdf,Operational Guidance: Monitoring & Verification,2020.0,Accountability Framework initiative (AFi),ORG-002,,PDF,https://accountability-framework.org/fileadmin/uploads/afi/Documents/Operational_Guidance/OG_Monitoring_Verification-2020-5.pdf,,Accountability Framework initiative. (2020). Operational Guidance: Monitoring & Verification. https://accountability-framework.org/fileadmin/uploads/afi/Documents/Operational_Guidance/OG_Monitoring_Verification-2020-5.pdf,"(Accountability Framework initiative, 2020)",Verified,"Reconciliation: High URL filename score=1.0; title_score=0.144. URL/filename match, but APA title appears inconsistent with PDF title; manual review recommended | One-to-one rerun: retained as the unique assignment for this PDF.",,,,,,,,,DOC-003,https://accountability-framework.org/fileadmin/uploads/afi/Documents/Operational_Guidance/OG_Monitoring_Verification-2020-5.pdf,source_url,APA complete - public source URL
DOC-005,Batch 08,OG_Supply_Chain_Management-2020-5.pdf,Operational Guidance: Supply Chain Management,2020.0,Accountability Framework initiative (AFi),ORG-002,,PDF,https://accountability-framework.org/fileadmin/uploads/afi/Documents/Operational_Guidance/OG_Supply_Chain_Management-2020-5.pdf,,Accountability Framework initiative. (2020). Operational Guidance: Supply Chain Management. https://accountability-framework.org/fileadmin/uploads/afi/Documents/Operational_Guidance/OG_Supply_Chain_Management-2020-5.pdf,"(Accountability Framework initiative, 2020)",Verified,Reconciliation: High URL filename score=1.0; title_score=0.345. | One-to-one rerun: retained as the unique assignment for this PDF.,,,,,,,,,DOC-004,https://accountability-framework.org/fileadmin/uploads/afi/Documents/Operational_Guidance/OG_Supply_Chain_Management-2020-5.pdf,source_url,APA complete - public source URL
DOC-006,Batch 09,Traceability-Accountability-Framework.pdf,Traceability,2021.0,Accountability Framework initiative (AFi),ORG-002,,PDF,https://accountability-framework.org/fileadmin/uploads/afi/Documents/Traceability-Accountability-Framework.pdf,,Accountability Framework initiative. (2021). Traceability. https://accountability-framework.org/fileadmin/uploads/afi/Documents/Traceability-Accountability-Framework.pdf,"(Accountability Framework initiative, 2021)",Verified,"Reconciliation: High URL filename score=1.0; title_score=0.068. URL/filename match, but APA title appears inconsistent with PDF title; manual review recommended | One-to-one rerun: retained as the unique assignment for this PDF.",,,,,,,,,DOC-005,https://accountability-framework.org/fileadmin/uploads/afi/Documents/Traceability-Accountability-Framework.pdf,source_url,APA complete - public source URL
DOC-007,Batch 08,AFI LUC and Emissions Guidance 09_2022_FINALIZED FROM AFi.pdf,AFI LUC and Emissions Guidance 09 2022 FINALIZED FROM AFi,2022.0,Accountability Framework initiative (AFi),ORG-002,,PDF,https://accountability-framework.org/wp-content/uploads/2022/09/AFI-LUC-and-Emissions-Guidance-09_2022.pdf,,Accountability Framework initiative. (2022). AFI LUC and Emissions Guidance 09 2022 FINALIZED FROM AFi. https://accountability-framework.org/wp-content/uploads/2022/09/AFI-LUC-and-Emissions-Guidance-09_2022.pdf,"(Accountability Framework initiative, 2022)",Verified,,,,,,,,,,,https://accountability-framework.org/wp-content/uploads/2022/09/AFI-LUC-and-Emissions-Guidance-09_2022.pdf,web_verified_or_official_filename_url_map,APA complete - public source URL
DOC-008,Batch 08,AFi Operational Guidance - Smallholder Inclusion (2020-05).pdf,AFi Operational Guidance Smallholder Inclusion (2020 05),2020.0,Accountability Framework initiative (AFi),ORG-002,,PDF,https://accountability-framework.org/the-accountability-framework/download-the-full-framework/,,Accountability Framework initiative. (2020). AFi Operational Guidance Smallholder Inclusion (2020 05). https://accountability-framework.org/the-accountability-framework/download-the-full-framework/,"(Accountability Framework initiative, 2020)",Verified,,,,,,,,,,,https://accountability-framework.org/the-accountability-framework/download-the-full-framework/,web_verified_or_official_filename_url_map,APA complete - public source URL
DOC-009,Batch 08,AFi Operatonal Guidance - Cutoff Dates (2023-09).pdf,AFi Operatonal Guidance Cutoff Dates (2023 09),2023.0,Accountability Framework initiative (AFi),ORG-002,,PDF,https://accountability-framework.org/the-accountability-framework/download-the-full-framework/,,Accountability Framework initiative. (2023). AFi Operatonal Guidance Cutoff Dates (2023 09). https://accountability-framework.org/the-accountability-framework/download-the-full-framework/,"(Accountability Framework initiative, 2023)",Verified,,,,,,,,,,,https://accountability-framework.org/the-accountability-framework/download-the-full-framework/,web_verified_or_official_filename_url_map,APA complete - public source URL
DOC-010,Batch 07,TerraFund MRV Feb 2023 (Updated July 2024).pdf,TerraFund MRV Feb 2023 (Updated July 2024),2023.0,AFR100 Terra-Fund,ORG-003,,PDF,https://afr100.org/sites/default/files/2024-08/TerraFund%20MRV%20Feb%202023%20%28Updated%20July%202024%29.pdf,,AFR100 / TerraFund for AFR100. (2023). TerraFund MRV Feb 2023 (Updated July 2024). https://afr100.org/sites/default/files/2024-08/TerraFund%20MRV%20Feb%202023%20%28Updated%20July%202024%29.pdf,"(AFR100 / TerraFund for AFR100, 2023)",Verified,,,,,,,,,,,https://afr100.org/sites/default/files/2024-08/TerraFund%20MRV%20Feb%202023%20%28Updated%20July%202024%29.pdf,web_verified_or_official_filename_url_map,APA complete - public source URL
DOC-011,Batch 09,Soy-risk-analysis-in-Brazil-for-EUDR_2021-22.pdf,"SOY RISK 2022 Report, Apresentação do PowerPoint",2022.0,Agrosatélite,ORG-004,,PDF,https://agrosatelite.com.br/,,"Agrosatélite. (2022). SOY RISK 2022 Report, Apresentação do PowerPoint. https://agrosatelite.com.br/","(Agrosatélite, 2022)",Verified,,,,,,,,,,,https://agrosatelite.com.br/,official_org_landing_page_fallback,APA complete - org landing page fallback; verify exact publication URL
DOC-012,Batch 09,CDP_Full_Corporate_Scoring_Methodology_2025_-_Forests.pdf,Full Corporate Scoring Methodology – Forests,2025.0,Carbon Disclosure Project (CDP.net),ORG-006,,PDF,https://assets.ctfassets.net/v7uy4j80khf8/tx9Ydi2dYFSdAzZXJqbQZ/47034be6390c37bb789933327544239f/CDP_Full_Corporate_Scoring_Methodology_2025_-_Forests.pdf,,CDP. (2025). Full Corporate Scoring Methodology – Forests. https://assets.ctfassets.net/v7uy4j80khf8/tx9Ydi2dYFSdAzZXJqbQZ/47034be6390c37bb789933327544239f/CDP_Full_Corporate_Scoring_Methodology_2025_-_Forests.pdf,"(CDP, 2025)",Verified,Reconciliation: High URL filename score=1.0; title_score=0.667. | One-to-one rerun: retained as the unique assignment for this PDF.,,,,,,,,,DOC-016,https://assets.ctfassets.net/v7uy4j80khf8/tx9Ydi2dYFSdAzZXJqbQZ/47034be6390c37bb789933327544239f/CDP_Full_Corporate_Scoring_Methodology_2025_-_Forests.pdf,source_url,APA complete - public source URL
DOC-013,Batch 09,INVESTMENTS_FOR_IMPACT_AND_RESILIENCE_Landscape_Guide_2025_compressed-1.pdf,INVESTMENTS: A Coffee Industry Guidebook on Landscape and Jurisdictional Initiaves,2025.0,Conservation International,ORG-007,,PDF,https://www.conservation.org/,,Conservation International. (2025). INVESTMENTS: A Coffee Industry Guidebook on Landscape and Jurisdictional Initiaves. https://www.conservation.org/,"(Conservation International, 2025)",Verified,,,,,,,,,,,https://www.conservation.org/,official_org_landing_page_fallback,APA complete - org landing page fallback; verify exact publication URL
DOC-014,Batch 09,CGF-FPC-Soy-DCF-Methodology-v0.pdf,CGF FPC Soy DCF Methodology v0,,Consumer Goods Forum (CGF),ORG-008,,PDF,https://www.theconsumergoodsforum.com/wp-content/uploads/2023/02/CGF-FPC-Soy-DCF-Methodology-v0.pdf,,Consumer Goods Forum. (n.d.). CGF FPC Soy DCF Methodology v0. https://www.theconsumergoodsforum.com/wp-content/uploads/2023/02/CGF-FPC-Soy-DCF-Methodology-v0.pdf,"(Consumer Goods Forum, n.d.)",Verified,,,,,,,,,,,https://www.theconsumergoodsforum.com/wp-content/uploads/2023/02/CGF-FPC-Soy-DCF-Methodology-v0.pdf,web_verified_or_official_filename_url_map,APA complete - public source URL
DOC-015,Batch 09,CGF-FPC-Soy-Roadmap-Guidance.pdf,CGF FPC Soy Roadmap Guidance,,Consumer Goods Forum (CGF),ORG-008,,PDF,https://www.theconsumergoodsforum.com/wp-content/uploads/2023/02/CGF-FPC-Soy-Roadmap-Guidance.pdf,,Consumer Goods Forum. (n.d.). CGF FPC Soy Roadmap Guidance. https://www.theconsumergoodsforum.com/wp-content/uploads/2023/02/CGF-FPC-Soy-Roadmap-Guidance.pdf,"(Consumer Goods Forum, n.d.)",Verified,,,,,,,,,,,https://www.theconsumergoodsforum.com/wp-content/uploads/2023/02/CGF-FPC-Soy-Roadmap-Guidance.pdf,web_verified_or_official_filename_url_map,APA complete - public source URL
DOC-016,Batch 09,CGF-Forest-Positive-Beef-Roadmap-Guidance-V1.2.pdf,CGF Forest Positive Beef Roadmap Guidance V1.2,,Consumer Goods Forum (CGF),ORG-008,,PDF,https://www.theconsumergoodsforum.com/wp-content/uploads/2024/04/CGF-Forest-Positive-Beef-Roadmap-Guidance-V1.2.pdf,,Consumer Goods Forum. (n.d.). CGF Forest Positive Beef Roadmap Guidance V1.2. https://www.theconsumergoodsforum.com/wp-content/uploads/2024/04/CGF-Forest-Positive-Beef-Roadmap-Guidance-V1.2.pdf,"(Consumer Goods Forum, n.d.)",Verified,,,,,,,,,,,https://www.theconsumergoodsforum.com/wp-content/uploads/2024/04/CGF-Forest-Positive-Beef-Roadmap-Guidance-V1.2.pdf,web_verified_or_official_filename_url_map,APA complete - public source URL
DOC-017,Batch 09,giz2024-en-AgriChains-Brazil.pdf,Project AgriChains Brazil: Sustainable Soy Supply Chain,2024.0,Deutsche Gesellschaft für Internationale Zusammenarbeit (GIZ) GmbH,ORG-010,,PDF,https://www.giz.de/de/downloads/giz2024-en-AgriChains-Brazil.pdf,,Deutsche Gesellschaft für Internationale Zusammenarbeit (GIZ) GmbH. (2024). Project AgriChains Brazil: Sustainable Soy Supply Chain. https://www.giz.de/de/downloads/giz2024-en-AgriChains-Brazil.pdf,"(Deutsche Gesellschaft für Internationale Zusammenarbeit (GIZ) GmbH, 2024)",Matched to uploaded PDF (unique),"Reconciliation: High URL filename score=1.0; title_score=0.164. URL/filename match, but APA title appears inconsistent with PDF title; manual review recommended | One-to-one rerun: retained as the unique assignment for this PDF.",,,,,,,,,DOC-085,https://www.giz.de/de/downloads/giz2024-en-AgriChains-Brazil.pdf,source_url,APA complete - public source URL
DOC-018,Batch 09,ILM_Practical_Guide_DEC22.pdf,ILM Practical Guide DEC22,2022.0,EcoAgriculture Partners,ORG-012,,PDF,https://landscapes.global/wp-content/uploads/2022/12/ILM_Practical_Guide_DEC22.pdf,,EcoAgriculture Partners. (2022). ILM Practical Guide DEC22. https://landscapes.global/wp-content/uploads/2022/12/ILM_Practical_Guide_DEC22.pdf,"(EcoAgriculture Partners, 2022)",Verified,,,,,,,,,,,https://landscapes.global/wp-content/uploads/2022/12/ILM_Practical_Guide_DEC22.pdf,web_verified_or_official_filename_url_map,APA complete - public source URL
DOC-019,Batch 09,Econometrica Review-of-Deforestation-Risk-Maps-1.pdf,Econometrica Review of Deforestation Risk Maps 1,,Econometrica,ORG-013,,PDF,https://www.econometricainc.com/,,Econometrica. (n.d.). Econometrica Review of Deforestation Risk Maps 1. https://www.econometricainc.com/,"(Econometrica, n.d.)",Verified,,,,,,,,,,,https://www.econometricainc.com/,official_org_landing_page_fallback,APA complete - org landing page fallback; verify exact publication URL
DOC-020,Batch 07,211224_herewegrow_enveritas_deforestation_white-paper_web.pdf,211224 herewegrow enveritas deforestation white paper web,,Enveritas,ORG-014,,PDF,https://www.enveritas.org/,,Enveritas. (n.d.). 211224 herewegrow enveritas deforestation white paper web. https://www.enveritas.org/,"(Enveritas, n.d.)",Verified,,,,,,,,,,,https://www.enveritas.org/,official_org_landing_page_fallback,APA complete - org landing page fallback; verify exact publication URL
DOC-021,Batch 09,Palm-sector-supply-chain-guidance.pdf,Sector supply-chain guidance – palm,,European Bank for Reconstruction and Development (EBRD),ORG-015,,PDF,https://www.ebrd.com/content/dam/ebrd_dxp/assets/pdfs/financial-institution/sustainable-finance/environmental-and-social-risk-management/issues/Palm-sector-supply-chain-guidance.pdf,,European Bank for Reconstruction and Development. (n.d.). Sector supply-chain guidance – palm. https://www.ebrd.com/content/dam/ebrd_dxp/assets/pdfs/financial-institution/sustainable-finance/environmental-and-social-risk-management/issues/Palm-sector-supply-chain-guidance.pdf,"(European Bank for Reconstruction and Development, n.d.)",Verified,,,,,,,,,,,https://www.ebrd.com/content/dam/ebrd_dxp/assets/pdfs/financial-institution/sustainable-finance/environmental-and-social-risk-management/issues/Palm-sector-supply-chain-guidance.pdf,web_verified_or_official_filename_url_map,APA complete - public source URL
DOC-022,Batch 08,EU_Regulation_on_Deforestation-Free_Products-_Operational_.pdf,Regulation on deforestation-free products,2025.0,European Commission,ORG-016,,PDF,https://environment.ec.europa.eu/topics/forests/deforestation/regulation-deforestation-free-products_en,,European Commission. (2025). Regulation on deforestation-free products. https://environment.ec.europa.eu/topics/forests/deforestation/regulation-deforestation-free-products_en,"(European Commission, 2025)",Verified,Reconciliation: High fuzzy score=0.845; title_score=0.394. | One-to-one rerun: retained as the unique assignment for this PDF.,,,,,,,,,DOC-017,https://environment.ec.europa.eu/topics/forests/deforestation/regulation-deforestation-free-products_en,source_url,APA complete - public source URL
DOC-023,Batch 07,C_2025_2485_F1_ANNEX_EN_V3_P1_4056628.pdf,GUIDANCE  DOCUMENT 1 FOR REGULATION ( 2023/1115 ON DEFORESTATION FREE PRODUCTS,2023.0,European Commission,ORG-016,,PDF,https://green-forum.ec.europa.eu/nature-and-biodiversity/deforestation-regulation-implementation_en,,European Commission. (2023). GUIDANCE  DOCUMENT 1 FOR REGULATION ( 2023/1115 ON DEFORESTATION FREE PRODUCTS. https://green-forum.ec.europa.eu/nature-and-biodiversity/deforestation-regulation-implementation_en,"(European Commission, 2023)",Verified,,,,,,,,,,,https://green-forum.ec.europa.eu/nature-and-biodiversity/deforestation-regulation-implementation_en,official_org_landing_page_fallback,APA complete - org landing page fallback; verify exact publication URL
DOC-024,Batch 08,EUDR preparedness check CIV_EN.pdf,Cocoa Insight,,European Forest Institute (EFI),ORG-017,,PDF,https://efi.int/,,European Forest Institute. (n.d.). Cocoa Insight. https://efi.int/,"(European Forest Institute, n.d.)",Verified,,,,,,,,,,,https://efi.int/,official_org_landing_page_fallback,APA complete - org landing page fallback; verify exact publication URL
DOC-025,Batch 09,CELEX_32023R1115_EN_TXT.pdf,CELEX 32023R1115 EN TXT,2023.0,European Parlaiment and Council,ORG-018,,PDF,https://eur-lex.europa.eu/eli/reg/2023/1115/oj,,European Parliament and Council. (2023). CELEX 32023R1115 EN TXT. https://eur-lex.europa.eu/eli/reg/2023/1115/oj,"(European Parliament and Council, 2023)",Verified,,,,,,,,,,,https://eur-lex.europa.eu/eli/reg/2023/1115/oj,official_org_landing_page_fallback,APA complete - org landing page fallback; verify exact publication URL
DOC-026,Batch 05,Farmforce - The 2026 Traceability Barometer.pdf,Farmforce The 2026 Traceability Barometer,2026.0,Farmforce,ORG-019,,PDF,https://farmforce.com/,,Farmforce. (2026). Farmforce The 2026 Traceability Barometer. https://farmforce.com/,"(Farmforce, 2026)",Verified,,,,,,,,,,,https://farmforce.com/,official_org_landing_page_fallback,APA complete - org landing page fallback; verify exact publication URL
DOC-027,Batch 09,DIASCA_Forest_Monitoring_Guidance1.pdf,DIASCA Forest Monitoring Guidance,,Forest Data Partnership,ORG-020,,PDF,https://www.nachhaltige-agrarlieferketten.org/fileadmin/INA/diasca/DIASCA_Forest_Monitoring_Guidance1.pdf,,Forest Data Partnership. (n.d.). DIASCA Forest Monitoring Guidance. https://www.nachhaltige-agrarlieferketten.org/fileadmin/INA/diasca/DIASCA_Forest_Monitoring_Guidance1.pdf,"(Forest Data Partnership, n.d.)",Verified - user linked official PDF URL,User-provided PDF URL added; direct URL filename matches uploaded Batch_09/DIASCA_Forest_Monitoring_Guidance1.pdf. Year not confirmed from web in this pass.,official_pdf_found_matches_uploaded_pdf,High,https://www.nachhaltige-agrarlieferketten.org/fileadmin/INA/diasca/DIASCA_Forest_Monitoring_Guidance1.pdf,https://www.nachhaltige-agrarlieferketten.org/fileadmin/INA/diasca/DIASCA_Forest_Monitoring_Guidance1.pdf,Batch_09/DIASCA_Forest_Monitoring_Guidance1.pdf,Forest Data Partnership. (n.d.). DIASCA Forest Monitoring Guidance.,User supplied the official INA/DIASCA PDF URL; filename matches the previously unmatched uploaded PDF. Treat as active PDF-backed B1 record pending any later APA/year refinement.,Confirm publication year/APA details during manual review; otherwise ready for PDF protocol inclusion.,DOC-086,https://www.nachhaltige-agrarlieferketten.org/fileadmin/INA/diasca/DIASCA_Forest_Monitoring_Guidance1.pdf,source_url,APA complete - public source URL
DOC-028,Batch 09,RegModule_ExplanatoryMaterials.pdf,FSC Regulatory Module,,Forest Stewardship Council (FSC),ORG-021,,PDF,https://static1.squarespace.com/static/65a5120f06652261eec4b6a4/t/66a9085c18ce6421fb8df54e/1722353757645/RegModule_ExplanatoryMaterials.pdf,,Forest Stewardship Council. (n.d.). FSC Regulatory Module. https://static1.squarespace.com/static/65a5120f06652261eec4b6a4/t/66a9085c18ce6421fb8df54e/1722353757645/RegModule_ExplanatoryMaterials.pdf,"(Forest Stewardship Council, n.d.)",Verified,Reconciliation: High URL filename score=1.0; title_score=0.656. | One-to-one rerun: retained as the unique assignment for this PDF.,,,,,,,,,DOC-020,https://static1.squarespace.com/static/65a5120f06652261eec4b6a4/t/66a9085c18ce6421fb8df54e/1722353757645/RegModule_ExplanatoryMaterials.pdf,source_url,APA complete - public source URL
DOC-029,Batch 09,01092021_FSC-STD-40-004_V3-1_EN_FINAL.pdf,01092021 FSC STD 40 004 V3 1 EN FINAL,2021.0,Forest Stewardship Council (FSC),ORG-021,,PDF,https://open.fsc.org/handle/resource/302,,Forest Stewardship Council. (2021). 01092021 FSC STD 40 004 V3 1 EN FINAL. https://open.fsc.org/handle/resource/302,"(Forest Stewardship Council, 2021)",Verified,,,,,,,,,,,https://open.fsc.org/handle/resource/302,web_verified_or_official_filename_url_map,APA complete - public source URL
DOC-030,Batch 09,2024_Forest_500_FI_Assessment_Methodology.pdf,Assessment methodology,2024.0,Global Canopy,ORG-022,,PDF,https://forest500.org/publications/assessment-methodology-2024/,,Global Canopy. (2024). Assessment methodology. https://forest500.org/publications/assessment-methodology-2024/,"(Global Canopy, 2024)",Verified,Reconciliation: High fuzzy score=0.748; title_score=0.698. | One-to-one rerun: retained as the unique assignment for this PDF.,,,,,,,,,DOC-025,https://forest500.org/publications/assessment-methodology-2024/,source_url,APA complete - public source URL
DOC-031,Batch 06,Forest500_Report_2025.pdf,Forest 500 Report,2025.0,Global Canopy,ORG-022,,PDF,https://forest500.org/wp-content/uploads/2025/04/Forest500_Report_2025.pdf,,Global Canopy. (2025). Forest 500 Report. https://forest500.org/wp-content/uploads/2025/04/Forest500_Report_2025.pdf,"(Global Canopy, 2025)",Verified,Reconciliation: High URL filename score=1.0; title_score=0.366. | One-to-one rerun: retained as the unique assignment for this PDF.,,,,,,,,,DOC-026,https://forest500.org/wp-content/uploads/2025/04/Forest500_Report_2025.pdf,source_url,APA complete - public source URL
DOC-032,,,EUDR Guidance and Recommendations,2024.0,Global Coffee Platform (GCP),ORG-023,,PDF,https://www.globalcoffeeplatform.org/eudr-guidance-and-recommendations/,,Global Coffee Platform. (2024). EUDR Guidance and Recommendations. https://www.globalcoffeeplatform.org/eudr-guidance-and-recommendations/,"(Global Coffee Platform, 2024)",No unique PDF match - manual review,One-to-one rerun: cleared previous candidate 'EU-deforestation-regulation-Key-principles-and-recommendations.pdf' because it was assigned to DOC-053 as the more likely match.,official_webpage_download_gated_or_not_uploaded,High,https://www.globalcoffeeplatform.org/eudr-guidance-and-recommendations/,,,Global Coffee Platform. (2024). EUDR Guidance and Recommendations.,Official GCP page says the EUDR guidance is accessed through a request-download form; no public direct PDF filename matched to uploaded PDFs.,Mark as webpage-only or keep out of PDF word-count execution.,DOC-027,https://www.globalcoffeeplatform.org/eudr-guidance-and-recommendations/,source_url,APA complete - public source URL
DOC-033,Batch 08,EM_2.0_EN-1.pdf,"EQUIVALENCE  MECHANISM, Ensuring schemes meet the Coffee Sustainability Reference Code",,Global Coffee Platform (GCP),ORG-023,,PDF,https://www.globalcoffeeplatform.org/,,"Global Coffee Platform. (n.d.). EQUIVALENCE  MECHANISM, Ensuring schemes meet the Coffee Sustainability Reference Code. https://www.globalcoffeeplatform.org/","(Global Coffee Platform, n.d.)",Verified,,,,,,,,,,,https://www.globalcoffeeplatform.org/,official_org_landing_page_fallback,APA complete - org landing page fallback; verify exact publication URL
DOC-034,Converted Sources,DOC-029_GPSNR_Reporting_Requirements_2024.pdf,GPSNR Reporting Requirements (converted from Excel),2024.0,Global Platform for Sustainable Natural Rubber (GPSNR),ORG-024,,PDF - converted source,https://sustainablenaturalrubber.org/gpsnr-reporting-requirements/,,Global Platform for Sustainable Natural Rubber. (2024). GPSNR Reporting Requirements (converted from Excel). https://sustainablenaturalrubber.org/gpsnr-reporting-requirements/,"(Global Platform for Sustainable Natural Rubber, 2024)",Verified - user supplied converted source file,Reconciliation: High fuzzy score=0.69; title_score=0.452. | One-to-one rerun: retained as the unique assignment for this PDF. | User supplied converted source file on 2026-05-13: DOC-029_GPSNR_Reporting_Requirements_2024.pdf. Attach as retained PDF-backed record for consistent protocol handling.,user_supplied_converted_source_file,User verified,https://sustainablenaturalrubber.org/gpsnr-reporting-requirements/,,DOC-029_GPSNR_Reporting_Requirements_2024.pdf,GPSNR. (2024). Reporting Requirements.,Resolved by user-supplied converted PDF capture of the cited webpage/resource.,Retain in active corpus; no web/PDF matching required.,DOC-029,https://sustainablenaturalrubber.org/gpsnr-reporting-requirements/,source_url,APA complete - public source URL
DOC-035,Batch 09,Google Cloud NGIS Tracemark 2023.pdf,TraceMark sustainable sourcing monitoring runs on Google Cloud,2023.0,Google and NGIS,ORG-025,,PDF,https://cloud.google.com/blog/products/data-analytics/sustainable-supply-chains-start-with-a-data-sharing-ecosystem,,Google and NGIS. (2023). TraceMark sustainable sourcing monitoring runs on Google Cloud. https://cloud.google.com/blog/products/data-analytics/sustainable-supply-chains-start-with-a-data-sharing-ecosystem,"(Google and NGIS, 2023)",Verified,Reconciliation: Medium fuzzy score=0.479; title_score=0.348. | One-to-one rerun: retained as the unique assignment for this PDF.,,,,,,,,,DOC-028,https://cloud.google.com/blog/products/data-analytics/sustainable-supply-chains-start-with-a-data-sharing-ecosystem,source_url,APA complete - public source URL
DOC-036,Batch 09,Guia-Cumprimento-Protocolo-de-Monitoramento.pdf,PROTOCOLO DE MONITORAMENTO DE FORNECEDORES DE GADO DA AMAZÔNIA,,Government of Brazil,ORG-026,,PDF,https://www.gov.br/,,Government of Brazil. (n.d.). PROTOCOLO DE MONITORAMENTO DE FORNECEDORES DE GADO DA AMAZÔNIA. https://www.gov.br/,"(Government of Brazil, n.d.)",Verified,,,,,,,,,,,https://www.gov.br/,official_org_landing_page_fallback,APA complete - org landing page fallback; verify exact publication URL
DOC-037,Batch 07,HCSA-Toolkit-v2.0-Module-4-Forest-and-vegetation-stratification-1.pdf,"Law No. 12,651 (Forest Code / Native Vegetation Protection Law)",2012.0,Government of Brazil,ORG-026,,PDF,https://www.planalto.gov.br/ccivil_03/_ato2011-2014/2012/lei/l12651.htm,,"Government of Brazil. (2012). Law No. 12,651 (Forest Code / Native Vegetation Protection Law). https://www.planalto.gov.br/ccivil_03/_ato2011-2014/2012/lei/l12651.htm","(Government of Brazil, 2012)",Verified,Reconciliation: Medium fuzzy score=0.547; title_score=0.322. | One-to-one rerun: retained as the unique assignment for this PDF.,,,,,,,,,DOC-013,https://www.planalto.gov.br/ccivil_03/_ato2011-2014/2012/lei/l12651.htm,source_url,APA complete - public source URL
DOC-038,Batch 07,Corporate-Value-Chain-Accounting-Reporing-Standard_041613_2.pdf,Corporate Value Chain (Scope 3) Standard,2011.0,Greenhouse Gas Protocol (GHG-P),ORG-027,,PDF,https://ghgprotocol.org/corporate-value-chain-scope-3-standard,,Greenhouse Gas Protocol. (2011). Corporate Value Chain (Scope 3) Standard. https://ghgprotocol.org/corporate-value-chain-scope-3-standard,"(Greenhouse Gas Protocol, 2011)",Verified,Reconciliation: High fuzzy score=0.731; title_score=0.215. | One-to-one rerun: retained as the unique assignment for this PDF.,,,Greenhouse Gas Protocol (GHG-P),,,,,,DOC-022,https://ghgprotocol.org/corporate-value-chain-scope-3-standard,source_url,APA complete - public source URL
DOC-039,Batch 06,Land-Sector-and-Removals-Standard.pdf,Land Sector and Removals Guidance,2026.0,Greenhouse Gas Protocol (GHG-P),ORG-027,,PDF,https://ghgprotocol.org/land-sector-and-removals-guidance,,Greenhouse Gas Protocol. (2026). Land Sector and Removals Guidance. https://ghgprotocol.org/land-sector-and-removals-guidance,"(Greenhouse Gas Protocol, 2026)",Verified,Reconciliation: High fuzzy score=0.868; title_score=0.123. | One-to-one rerun: retained as the unique assignment for this PDF.,,,Grupo de Trabalho de Fornecedores Indiretos (GTFI),,,,,,DOC-024,https://ghgprotocol.org/land-sector-and-removals-guidance,source_url,APA complete - public source URL
DOC-040,Batch 07,HCSA-Toolkit-v2.0-Module-6-Issues-under-development-1.pdf,Scope 3 Standard Development Plan,2024.0,Greenhouse Gas Protocol (GHG-P),ORG-027,,PDF,https://ghgprotocol.org/sites/default/files/2025-01/S3-SDP-20241220.pdf,,Greenhouse Gas Protocol. (2024). Scope 3 Standard Development Plan. https://ghgprotocol.org/sites/default/files/2025-01/S3-SDP-20241220.pdf,"(Greenhouse Gas Protocol, 2024)",Verified,Reconciliation: Medium fuzzy score=0.583; title_score=0.229. | One-to-one rerun: retained as the unique assignment for this PDF.,,,,,,,,,DOC-023,https://ghgprotocol.org/sites/default/files/2025-01/S3-SDP-20241220.pdf,source_url,APA complete - public source URL
DOC-041,Batch 09,Land-Sector-and-Removals-Standard-Executive-Summary.pdf,Land Sector and Removals Standard Executive Summary,,Greenhouse Gas Protocol (GHG-P),ORG-027,,PDF,High Carbon Value (HCV) Network,,Greenhouse Gas Protocol. (n.d.). Land Sector and Removals Standard Executive Summary. High Carbon Value (HCV) Network,"(Greenhouse Gas Protocol, n.d.)",Verified,,,,High Carbon Value (HCV) Network,,,,,,,High Carbon Value (HCV) Network,candidate_source_url,APA complete - public source URL
DOC-042,Batch 09,Project Overview_25 July 2024.pdf,"Greenhouse Gas Protocol - Land Sector and Removals Initiative, Project Overview",2024.0,Greenhouse Gas Protocol (GHG-P),ORG-027,,PDF,IDH – The Sustainable Trade Initiative,,"Greenhouse Gas Protocol. (2024). Greenhouse Gas Protocol - Land Sector and Removals Initiative, Project Overview. IDH – The Sustainable Trade Initiative","(Greenhouse Gas Protocol, 2024)",Verified,,,,IDH – The Sustainable Trade Initiative,,,,,,,IDH – The Sustainable Trade Initiative,candidate_source_url,APA complete - public source URL
DOC-043,Converted Sources,DOC-030_GTFI_Boas_Praticas_Fornecedores_Indiretos_2019.pdf,Boas Práticas para monitoramento de fornecedores indiretos (converted to PDF from Website),2019.0,Grupo de Trabalho de Fornecedores Indiretos (GTFI),ORG-028,,PDF - converted source,https://gtfi.org.br/boas-praticas/,,Grupo de Trabalho de Fornecedores Indiretos. (2019). Boas Práticas para monitoramento de fornecedores indiretos (converted to PDF from Website). https://gtfi.org.br/boas-praticas/,"(Grupo de Trabalho de Fornecedores Indiretos, 2019)",Verified - user supplied converted source file,One-to-one rerun: cleared previous candidate 'criterios--minimos-de-monitoramento-de-produtos-livres-de-desmatamento-e-conversao_dc.pdf' because it was assigned to DOC-010 as the more likely match. | User supplied converted source file on 2026-05-13: DOC-030_GTFI_Boas_Praticas_Fornecedores_Indiretos_2019.pdf. Attach as retained PDF-backed record for consistent protocol handling.,user_supplied_converted_source_file,User verified,https://gtfi.org.br/boas-praticas/,,DOC-030_GTFI_Boas_Praticas_Fornecedores_Indiretos_2019.pdf,"GTFI. (2019, updated 2022). Boas Práticas para monitoramento de fornecedores indiretos.",Resolved by user-supplied converted PDF capture of the cited webpage/resource.,Retain in active corpus; no web/PDF matching required.,DOC-030,https://gtfi.org.br/boas-praticas/,source_url,APA complete - public source URL
DOC-044,Batch 08,AFi Operational Guidance - Monitoring & Verification (2020-05).pdf,Common Guidance for the Identification of HCV,2013.0,High Carbon Value (HCV) Network,ORG-029,,PDF,https://www.hcvnetwork.org/library/common-guidance-for-the-identification-of-hcv-english-indonesian-french-portuguese,,High Conservation Value Network. (2013). Common Guidance for the Identification of HCV. https://www.hcvnetwork.org/library/common-guidance-for-the-identification-of-hcv-english-indonesian-french-portuguese,"(High Conservation Value Network, 2013)",Verified,Reconciliation: Medium fuzzy score=0.533; title_score=0.034. | One-to-one rerun: retained as the unique assignment for this PDF.,,,,,,,,,DOC-031,https://www.hcvnetwork.org/library/common-guidance-for-the-identification-of-hcv-english-indonesian-french-portuguese,source_url,APA complete - public source URL
DOC-045,Batch 08,AFi Operational Guidance - Supply Chain Management (2020-05).pdf,Common Guidance for the Management & Monitoring of HCV,2022.0,High Carbon Value (HCV) Network,ORG-029,,PDF,https://global-uploads.webflow.com/624493bb51507d22cf218d50/6286866d8bbf4719b4e1d5af_HCV_Mgmt_Monitoring_final_english.pdf,,High Conservation Value Network. (2022). Common Guidance for the Management & Monitoring of HCV. https://global-uploads.webflow.com/624493bb51507d22cf218d50/6286866d8bbf4719b4e1d5af_HCV_Mgmt_Monitoring_final_english.pdf,"(High Conservation Value Network, 2022)",Verified,Reconciliation: Medium fuzzy score=0.5; title_score=0.05. | One-to-one rerun: retained as the unique assignment for this PDF.,,,,,,,,,DOC-032,https://global-uploads.webflow.com/624493bb51507d22cf218d50/6286866d8bbf4719b4e1d5af_HCV_Mgmt_Monitoring_final_english.pdf,source_url,APA complete - public source URL
DOC-046,Batch 05,HCSA-Toolkit-v2.0-Module-5-HCS-Forest-Patch-Analysis-Protection-1.pdf,HCSA Toolkit v2.0 Module 5 HCS Forest Patch Analysis Protection 1,,High Carbon Value (HCV) Network,ORG-029,,PDF,https://www.hcvnetwork.org/library,,High Conservation Value Network. (n.d.). HCSA Toolkit v2.0 Module 5 HCS Forest Patch Analysis Protection 1. https://www.hcvnetwork.org/library,"(High Conservation Value Network, n.d.)",Verified,,,,,,,,,,,https://www.hcvnetwork.org/library,official_org_landing_page_fallback,APA complete - org landing page fallback; verify exact publication URL
DOC-047,Batch 07,HCSA-Toolkit-v2.0-Module-7-Assuring-quality-of-HCS-assessments-1.pdf,HCSA Toolkit v2.0 Module 7 Assuring quality of HCS assessments 1,,High Carbon Value (HCV) Network,ORG-029,,PDF,https://www.hcvnetwork.org/library,,High Conservation Value Network. (n.d.). HCSA Toolkit v2.0 Module 7 Assuring quality of HCS assessments 1. https://www.hcvnetwork.org/library,"(High Conservation Value Network, n.d.)",Verified,,,,,,,,,,,https://www.hcvnetwork.org/library,official_org_landing_page_fallback,APA complete - org landing page fallback; verify exact publication URL
DOC-048,Batch 08,6286878c1de2255dee34ecfc_HCVCommonGuide_English-07-17-web.pdf,HCVCommonGuide English 07 17 web,,High Carbon Value (HCV) Network,ORG-029,,PDF,https://global-uploads.webflow.com/624493bb51507d22cf218d50/6286878c1de2255dee34ecfc_HCVCommonGuide_English-07-17-web.pdf,,High Conservation Value Network. (n.d.). HCVCommonGuide English 07 17 web. https://global-uploads.webflow.com/624493bb51507d22cf218d50/6286878c1de2255dee34ecfc_HCVCommonGuide_English-07-17-web.pdf,"(High Conservation Value Network, n.d.)",Verified,,,,,,,,,,,https://global-uploads.webflow.com/624493bb51507d22cf218d50/6286878c1de2255dee34ecfc_HCVCommonGuide_English-07-17-web.pdf,web_verified_or_official_filename_url_map,APA complete - public source URL
DOC-049,Batch 05,SourceUp-Manual-14.6-web.pdf,Compact Manual,2021.0,IDH The Sustainable Trade Initiative,ORG-030,,PDF,https://jaresourcehub.org/wp-content/uploads/2021/12/SourceUp-Manual-14.6-web.pdf,,"IDH, The Sustainable Trade Initiative. (2021). Compact Manual. https://jaresourcehub.org/wp-content/uploads/2021/12/SourceUp-Manual-14.6-web.pdf","(IDH, 2021)",Matched to uploaded PDF (unique),Reconciliation: High URL filename score=1.0; title_score=0.219. | One-to-one rerun: retained as the unique assignment for this PDF.,,,,,,,,,DOC-070,https://jaresourcehub.org/wp-content/uploads/2021/12/SourceUp-Manual-14.6-web.pdf,source_url,APA complete - public source URL
DOC-050,Batch 09,VSA-Public-Concept-Note_22August2019.pdf,Verified Sourcing Areas: Public Concept Note,2019.0,IDH The Sustainable Trade Initiative,ORG-030,,PDF,https://www.idhsustainabletrade.com/uploaded/2018/08/VSA-Public-Concept-Note_22August2019.pdf,,"IDH, The Sustainable Trade Initiative. (2019). Verified Sourcing Areas: Public Concept Note. https://www.idhsustainabletrade.com/uploaded/2018/08/VSA-Public-Concept-Note_22August2019.pdf","(IDH, 2019)",Verified,"Reconciliation: High URL filename score=1.0; title_score=0.129. URL/filename match, but APA title appears inconsistent with PDF title; manual review recommended | One-to-one rerun: retained as the unique assignment for this PDF.",,,,,,,,,DOC-038,https://www.idhsustainabletrade.com/uploaded/2018/08/VSA-Public-Concept-Note_22August2019.pdf,source_url,APA complete - public source URL
DOC-051,Batch 09,Getting started guide_ introduction to an ecosystem approach.pdf,"Production, Protection & Inclusion (PPI) approach",2017.0,IDH The Sustainable Trade Initiative,ORG-030,,PDF,https://www.idhsustainabletrade.com/approach/production-protection/,,"IDH, The Sustainable Trade Initiative. (2017). Production, Protection & Inclusion (PPI) approach. https://www.idhsustainabletrade.com/approach/production-protection/","(IDH, 2017)",Verified,Reconciliation: Medium fuzzy score=0.486; title_score=0.474. | One-to-one rerun: retained as the unique assignment for this PDF.,,,,,,,,,DOC-037,https://www.idhsustainabletrade.com/approach/production-protection/,source_url,APA complete - public source URL
DOC-052,Batch 05,Mato-Grosso-State-Pci-Compact_SourceUp-Snapshot.pdf,Mato Grosso State Pci Compact SourceUp Snapshot,,IDH The Sustainable Trade Initiative,ORG-030,,PDF,https://www.idhsustainabletrade.com/,,"IDH, The Sustainable Trade Initiative. (n.d.). Mato Grosso State Pci Compact SourceUp Snapshot. https://www.idhsustainabletrade.com/","(IDH, n.d.)",Verified,,,,,,,,,,,https://www.idhsustainabletrade.com/,official_org_landing_page_fallback,APA complete - org landing page fallback; verify exact publication URL
DOC-053,Batch 06,HCSA-Toolkit-v2.0-Module-1-Introduction.pdf,HCSA Toolkit v2.0 Module 1 Introduction,,IDH The Sustainable Trade Initiative,ORG-030,,PDF,https://www.idhsustainabletrade.com/,,"IDH, The Sustainable Trade Initiative. (n.d.). HCSA Toolkit v2.0 Module 1 Introduction. https://www.idhsustainabletrade.com/","(IDH, n.d.)",Verified,,,,,,,,,,,https://www.idhsustainabletrade.com/,official_org_landing_page_fallback,APA complete - org landing page fallback; verify exact publication URL
DOC-054,Batch 04,Aceh-Landscape_SourceUp-Snapshot.pdf,Initiative Snapshot,,IDH The Sustainable Trade Initiative,ORG-030,,PDF,https://www.idhsustainabletrade.com/,,"IDH, The Sustainable Trade Initiative. (n.d.). Initiative Snapshot. https://www.idhsustainabletrade.com/","(IDH, n.d.)",Verified,,,,,,,,,,,https://www.idhsustainabletrade.com/,official_org_landing_page_fallback,APA complete - org landing page fallback; verify exact publication URL
DOC-055,Batch 07,Building-A-Jurisdictional-Approach-To-Climate-Smart-Re.pdf,Initiative Snapshot,,IDH The Sustainable Trade Initiative,ORG-030,,PDF,https://www.sourceup.org/initiatives/building-a-jurisdictional-approach-to-climate-smart-resilient-agricultural-landscapes-in-tocantins-brazil,,"IDH, The Sustainable Trade Initiative. (n.d.). Initiative Snapshot. https://www.sourceup.org/initiatives/building-a-jurisdictional-approach-to-climate-smart-resilient-agricultural-landscapes-in-tocantins-brazil","(IDH, n.d.)",Verified,,,,,,,,,,,https://www.sourceup.org/initiatives/building-a-jurisdictional-approach-to-climate-smart-resilient-agricultural-landscapes-in-tocantins-brazil,web_verified_or_official_filename_url_map,APA complete - public source URL
DOC-056,Batch 02,Soja-sem-desmatamento-nas-entrelinhas-versao-online_w5111908.pdf,Soja sem desmatamento nas entrelinhas: Um guia para transparência. Soja na Linha,2022.0,IMAFLORA (Instituto de Manejo e Certificação Florestal e Agrícola),ORG-031,,PDF,Alternative PDF URL: https://www.sojanalinha.org/wp-content/uploads/2024/07/Soja-sem-desmatamento-nas-entrelinhas-versao-online_w5111908.pdf,,Instituto de Manejo e Certificação Florestal e Agrícola. (2022). Soja sem desmatamento nas entrelinhas: Um guia para transparência. Soja na Linha. Alternative PDF URL: https://www.sojanalinha.org/wp-content/uploads/2024/07/Soja-sem-desmatamento-nas-entrelinhas-versao-online_w5111908.pdf,"(Instituto de Manejo e Certificação Florestal e Agrícola, 2022)",Verified,Reconciliation: High URL filename score=1.0; title_score=0.613. | One-to-one rerun: retained as the unique assignment for this PDF.,,,,,,,,,DOC-040,Alternative PDF URL: https://www.sojanalinha.org/wp-content/uploads/2024/07/Soja-sem-desmatamento-nas-entrelinhas-versao-online_w5111908.pdf,source_url,APA complete - public source URL
DOC-057,Batch 09,Diagramacao-Guia-Cadeira-de-Valor-da-Soja-w5104633-PT_ALT4.pdf,Guia para a cadeia de valor da soja: Interpretando os relatórios de progresso de traders para compras livres de desmatamento e de conversão. Soja na Linha,2022.0,IMAFLORA (Instituto de Manejo e Certificação Florestal e Agrícola),ORG-031,,PDF,https://www.sojanalinha.org/wp-content/uploads/2024/07/Soja-sem-desmatamento-nas-entrelinhas-versao-online_w5111908.pdf,,Instituto de Manejo e Certificação Florestal e Agrícola. (2022). Guia para a cadeia de valor da soja: Interpretando os relatórios de progresso de traders para compras livres de desmatamento e de conversão. Soja na Linha. https://www.sojanalinha.org/wp-content/uploads/2024/07/Soja-sem-desmatamento-nas-entrelinhas-versao-online_w5111908.pdf,"(Instituto de Manejo e Certificação Florestal e Agrícola, 2022)",Verified,Reconciliation: High URL filename score=1.0; title_score=0.671. | One-to-one rerun: retained as the unique assignment for this PDF.,,,,,,,,,DOC-041,https://www.sojanalinha.org/wp-content/uploads/2024/07/Soja-sem-desmatamento-nas-entrelinhas-versao-online_w5111908.pdf,source_url,APA complete - public source URL
DOC-058,Batch 08,criterios--minimos-de-monitoramento-de-produtos-livres-de-desmatamento-e-conversao_dc.pdf,Protocolo de monitoramento de fornecedores de gado na Amazônia,2024.0,IMAFLORA (Instituto de Manejo e Certificação Florestal e Agrícola),ORG-031,,PDF,https://www.boinalinha.org/wp-content/uploads/2025/03/Protocolo-Monitoramento-Gado-2ponto0-w5111720-ALT22-WEB.pdf,,Instituto de Manejo e Certificação Florestal e Agrícola. (2024). Protocolo de monitoramento de fornecedores de gado na Amazônia. https://www.boinalinha.org/wp-content/uploads/2025/03/Protocolo-Monitoramento-Gado-2ponto0-w5111720-ALT22-WEB.pdf,"(Instituto de Manejo e Certificação Florestal e Agrícola, 2024)",Verified,Reconciliation: Medium fuzzy score=0.556; title_score=0.025. | One-to-one rerun: retained as the unique assignment for this PDF.,,,,,,,,,DOC-010,https://www.boinalinha.org/wp-content/uploads/2025/03/Protocolo-Monitoramento-Gado-2ponto0-w5111720-ALT22-WEB.pdf,source_url,APA complete - public source URL
DOC-059,Batch 09,Minimum Criteria Booklet SOY - ENG.pdf,Minimum Criteria Booklet SOY ENG,,IMAFLORA (Instituto de Manejo e Certificação Florestal e Agrícola),ORG-031,,PDF,https://www.imaflora.org/,,Instituto de Manejo e Certificação Florestal e Agrícola. (n.d.). Minimum Criteria Booklet SOY ENG. https://www.imaflora.org/,"(Instituto de Manejo e Certificação Florestal e Agrícola, n.d.)",Verified,,,,,,,,,,,https://www.imaflora.org/,official_org_landing_page_fallback,APA complete - org landing page fallback; verify exact publication URL
DOC-060,Batch 09,Minimum Criteria Booklet-CATTLE- ENG.pdf,Minimum Criteria Booklet CATTLE ENG,,IMAFLORA (Instituto de Manejo e Certificação Florestal e Agrícola),ORG-031,,PDF,https://www.imaflora.org/,,Instituto de Manejo e Certificação Florestal e Agrícola. (n.d.). Minimum Criteria Booklet CATTLE ENG. https://www.imaflora.org/,"(Instituto de Manejo e Certificação Florestal e Agrícola, n.d.)",Verified,,,,,,,,,,,https://www.imaflora.org/,official_org_landing_page_fallback,APA complete - org landing page fallback; verify exact publication URL
DOC-061,Batch 09,22190_attach_1.pdf,London Cocoa Grading & Warehouse keeping Procedures,2024.0,"Intercontinental Exchange, Inc. (ICE)",ORG-032,,PDF,https://www.ice.com/publicdocs/circulars/22190_attach_1.pdf,,"Intercontinental Exchange, Inc.. (2024). London Cocoa Grading & Warehouse keeping Procedures. https://www.ice.com/publicdocs/circulars/22190_attach_1.pdf","(Intercontinental Exchange, 2024)",Verified,"Reconciliation: High URL filename score=1.0; title_score=0.063. URL/filename match, but APA title appears inconsistent with PDF title; manual review recommended | One-to-one rerun: retained as the unique assignment for this PDF.",,,,,,,,,DOC-033,https://www.ice.com/publicdocs/circulars/22190_attach_1.pdf,source_url,APA complete - public source URL
DOC-062,Batch 09,24183_attach.pdf,Robusta Coffee Grading & Warehouse keeping Procedures,2024.0,"Intercontinental Exchange, Inc. (ICE)",ORG-032,,PDF,https://www.ice.com/publicdocs/circulars/24183_attach.pdf,,"Intercontinental Exchange, Inc.. (2024). Robusta Coffee Grading & Warehouse keeping Procedures. https://www.ice.com/publicdocs/circulars/24183_attach.pdf","(Intercontinental Exchange, 2024)",Verified,"Reconciliation: High URL filename score=1.0; title_score=0.067. URL/filename match, but APA title appears inconsistent with PDF title; manual review recommended | One-to-one rerun: retained as the unique assignment for this PDF.",,,,,,,,,DOC-034,https://www.ice.com/publicdocs/circulars/24183_attach.pdf,source_url,APA complete - public source URL
DOC-063,Batch 06,Collection of polygon data.pdf,Guidance on the collection of polygon location data,,iSEAL,ORG-033,,PDF,https://www.isealalliance.org/get-involved/resources/guidance-collection-polygon-location-data,,ISEAL. (n.d.). Guidance on the collection of polygon location data. https://www.isealalliance.org/get-involved/resources/guidance-collection-polygon-location-data,"(ISEAL, n.d.)",Verified,Reconciliation: High fuzzy score=0.675; title_score=0.791. | One-to-one rerun: retained as the unique assignment for this PDF.,,,,,,,,,DOC-043,https://www.isealalliance.org/get-involved/resources/guidance-collection-polygon-location-data,source_url,APA complete - public source URL
DOC-064,Batch 09,Whitepaper - How to connect LCA with Chain of Custody.pdf,Code of Good Practice for Sustainability Systems,2024.0,iSEAL,ORG-033,,PDF,https://www.isealalliance.org/what-we-do/credible-practice/iseal-code-good-practice-sustainability-systems,,ISEAL. (2024). Code of Good Practice for Sustainability Systems. https://www.isealalliance.org/what-we-do/credible-practice/iseal-code-good-practice-sustainability-systems,"(ISEAL, 2024)",Verified,Reconciliation: Medium fuzzy score=0.525; title_score=0.525. | One-to-one rerun: retained as the unique assignment for this PDF.,,,,,,,,,DOC-042,https://www.isealalliance.org/what-we-do/credible-practice/iseal-code-good-practice-sustainability-systems,source_url,APA complete - public source URL
DOC-065,Batch 04,ISEAL Code v1_1_ PDF.pdf,ISEAL Code v1 1 PDF,,iSEAL,ORG-033,,PDF,https://isealalliance.org/get-involved/resources,,ISEAL. (n.d.). ISEAL Code v1 1 PDF. https://isealalliance.org/get-involved/resources,"(ISEAL, n.d.)",Verified,,,,,,,,,,,https://isealalliance.org/get-involved/resources,official_org_landing_page_fallback,APA complete - org landing page fallback; verify exact publication URL
DOC-066,Batch 08,Chain of Custody Models and Definitions v2 (2025).pdf,Chain of Custody Models and Definitions v2 (2025),2025.0,iSEAL,ORG-033,,PDF,https://isealalliance.org/get-involved/resources/iseal-guidance-chain-custody-models-and-definitions,,ISEAL. (2025). Chain of Custody Models and Definitions v2 (2025). https://isealalliance.org/get-involved/resources/iseal-guidance-chain-custody-models-and-definitions,"(ISEAL, 2025)",Verified,,,,,,,,,,,https://isealalliance.org/get-involved/resources/iseal-guidance-chain-custody-models-and-definitions,web_verified_or_official_filename_url_map,APA complete - public source URL
DOC-067,Batch 09,Making-Credible-Jurisdictional-Claims-Good-Practice-Guide-v1_1.pdf,Making Credible Jurisdictional Claims Good Practice Guide v1 1,,iSEAL,ORG-033,,PDF,https://isealalliance.org/get-involved/resources/making-credible-jurisdictional-claims-good-practice-guide-v11-2022,,ISEAL. (n.d.). Making Credible Jurisdictional Claims Good Practice Guide v1 1. https://isealalliance.org/get-involved/resources/making-credible-jurisdictional-claims-good-practice-guide-v11-2022,"(ISEAL, n.d.)",Verified,,,,,,,,,,,https://isealalliance.org/get-involved/resources/making-credible-jurisdictional-claims-good-practice-guide-v11-2022,web_verified_or_official_filename_url_map,APA complete - public source URL
DOC-068,Batch 09,LDC-DCF-Methodology_FINAL.pdf,LDC DCF Methodology FINAL,,Louis Dreyfus Company (LDC),ORG-034,,PDF,https://www.ldc.com/wp-content/uploads/LDC-DCF-Methodology_FINAL.pdf,,Louis Dreyfus Company. (n.d.). LDC DCF Methodology FINAL. https://www.ldc.com/wp-content/uploads/LDC-DCF-Methodology_FINAL.pdf,"(Louis Dreyfus Company, n.d.)",Verified,,,,,,,,,,,https://www.ldc.com/wp-content/uploads/LDC-DCF-Methodology_FINAL.pdf,source_url,APA complete - public source URL
DOC-069,Batch 06,Meridia Verify Supply Shed Modelling Guide v1.pdf,Meridia Verify Supply Shed Modelling Guide v1,,Meridia.Land,ORG-035,,PDF,https://www.meridia.land/downloads,,Meridia. (n.d.). Meridia Verify Supply Shed Modelling Guide v1. https://www.meridia.land/downloads,"(Meridia, n.d.)",Verified,,,,,,,,,,,https://www.meridia.land/downloads,official_org_landing_page_fallback,APA complete - org landing page fallback; verify exact publication URL
DOC-070,Batch 08,678a3f100f51c39f8a90dda6_Meridia Farm Mapping Guide.pdf,Meridia Farm Mapping Guide,,Meridia.Land,ORG-035,,PDF,https://www.meridia.land/downloads/farm-mapping-guide,,Meridia. (n.d.). Meridia Farm Mapping Guide. https://www.meridia.land/downloads/farm-mapping-guide,"(Meridia, n.d.)",Verified,,,,,,,,,,,https://www.meridia.land/downloads/farm-mapping-guide,web_verified_or_official_filename_url_map,APA complete - public source URL
DOC-071,Batch 09,Operationalising DCF - Methodology and product v1.pdf,Operationalising DCF monitoring with Verify,,Meridia.Land,ORG-035,,PDF,https://www.meridia.land/downloads,,Meridia. (n.d.). Operationalising DCF monitoring with Verify. https://www.meridia.land/downloads,"(Meridia, n.d.)",Verified,,,,,,,,,,,https://www.meridia.land/downloads,official_org_landing_page_fallback,APA complete - org landing page fallback; verify exact publication URL
DOC-072,Batch 09,Cooperatives and the state of field data quality for EUDR compliance.pdf,Cooperatives and the state of field data quality for EUDR compliance: Results of the Cavally Cocoa Farm Data Study (September 2022/November 2023),2024.0,"Meridia.Land,  RaboFoundation",ORG-047; ORG-035,,PDF,https://media.rabobank.com/m/6bcb9f27bf2b1b48/original/Cooperatives-and-the-state-of-field-data-quality-for-EUDR-compliance.pdf,,Rabo Foundation & Meridia. (2024). Cooperatives and the state of field data quality for EUDR compliance: Results of the Cavally Cocoa Farm Data Study (September 2022/November 2023). https://media.rabobank.com/m/6bcb9f27bf2b1b48/original/Cooperatives-and-the-state-of-field-data-quality-for-EUDR-compliance.pdf,"(Rabo Foundation, 2024)",Verified,Reconciliation: High URL filename score=1.0; title_score=0.738. | One-to-one rerun: retained as the unique assignment for this PDF.,,,,,,,,,DOC-045,https://media.rabobank.com/m/6bcb9f27bf2b1b48/original/Cooperatives-and-the-state-of-field-data-quality-for-EUDR-compliance.pdf,source_url,APA complete - public source URL
DOC-073,Batch 09,Visipec_Executive-Summary_English.pdf,VISIPEC: Executive Summary,2020.0,National Wildlife Federation (NWF),ORG-036,,PDF,https://visipec.com/wp-content/uploads/2020/10/Visipec_Executive-Summary_English.pdf,,National Wildlife Federation. (2020). VISIPEC: Executive Summary. https://visipec.com/wp-content/uploads/2020/10/Visipec_Executive-Summary_English.pdf,"(National Wildlife Federation, 2020)",Verified,Reconciliation: High URL filename score=1.0; title_score=1.0. | One-to-one rerun: retained as the unique assignment for this PDF.,,,,,,,,,DOC-047,https://visipec.com/wp-content/uploads/2020/10/Visipec_Executive-Summary_English.pdf,source_url,APA complete - public source URL
DOC-074,Batch 09,ndpe_irf_03_guidance.pdf,Guidance for refineries and other first aggregators: Using the IRF no-deforestation and no-peat template. NDPE Implementation Reporting Framework,2019.0,NDPE Implementation Reporting Framework,ORG-037,,PDF,https://www.ndpe-irf.net/technical,,NDPE Implementation Reporting Framework. (2019). Guidance for refineries and other first aggregators: Using the IRF no-deforestation and no-peat template. NDPE Implementation Reporting Framework. https://www.ndpe-irf.net/technical,"(NDPE Implementation Reporting Framework, 2019)",Verified,Reconciliation: Medium fuzzy score=0.526; title_score=0.526. | One-to-one rerun: retained as the unique assignment for this PDF.,,,,,,,,,DOC-048,https://www.ndpe-irf.net/technical,source_url,APA complete - public source URL
DOC-075,Batch 07,NEPCon-SOY-Argentinal-Risk-Assessment-EN-V2.pdf,NEPCon SOY Argentinal Risk Assessment EN V2,,NEPCON,ORG-044,,PDF,https://preferredbynature.org/,,Preferred by Nature. (n.d.). NEPCon SOY Argentinal Risk Assessment EN V2. https://preferredbynature.org/,"(Preferred by Nature, n.d.)",Verified,,,,,,,,,,,https://preferredbynature.org/,official_org_landing_page_fallback,APA complete - org landing page fallback; verify exact publication URL
DOC-076,Batch 07,AtSource_DFC_UserGuide_v2.pdf,Digital Footprint Calculator user guide: Estimating environmental impacts of Olam products. Powered by Quantis,,Olam International Group ,ORG-039,,PDF,https://footprint.atsource.io/assets/data/AtSource_DFC_UserGuide_v2.pdf,,Olam Group. (n.d.). Digital Footprint Calculator user guide: Estimating environmental impacts of Olam products. Powered by Quantis. https://footprint.atsource.io/assets/data/AtSource_DFC_UserGuide_v2.pdf,"(Olam Group, n.d.)",Verified,"Reconciliation: High URL filename score=1.0; title_score=0.122. URL/filename match, but APA title appears inconsistent with PDF title; manual review recommended | One-to-one rerun: retained as the unique assignment for this PDF.",,,,,,,,,DOC-009,https://footprint.atsource.io/assets/data/AtSource_DFC_UserGuide_v2.pdf,source_url,APA complete - public source URL
DOC-077,Batch 05,Orbify EUDR Guide 2024.pdf,A comprehensive EUDR Guide,2024.0,Orbify,ORG-040,,PDF,https://info.orbify.com/eudr-guide,,Orbify. (2024). A comprehensive EUDR Guide. https://info.orbify.com/eudr-guide,"(Orbify, 2024)",Verified,Reconciliation: High fuzzy score=0.659; title_score=0.4. | One-to-one rerun: retained as the unique assignment for this PDF.,,,,,,,,,DOC-084,https://info.orbify.com/eudr-guide,source_url,APA complete - public source URL
DOC-078,Batch 09,TAD-CA(2020)3-FINAL.en.pdf,OECD-FAO Guidance for Responsible Agricultural Supply Chains,2020.0,"Organisation for Economic Co-operation and Development (OECD), UN Food and Agriculture Organization (FAO)",ORG-041; ORG-059,,PDF,https://one.oecd.org/document/TAD/CA(2020)3/FINAL/en/pdf,,Organisation for Economic Co-operation and Development & Food and Agriculture Organization of the United Nations. (2020). OECD-FAO Guidance for Responsible Agricultural Supply Chains. https://one.oecd.org/document/TAD/CA(2020)3/FINAL/en/pdf,"(Organisation for Economic Co-operation and Development, 2020)",Verified,One-to-one rerun: cleared previous candidate 'AFi Operational Guidance - Supply Chain Management (2020-05).pdf' because it was assigned to DOC-032 as the more likely match.,,,,,,,,,DOC-049,https://one.oecd.org/document/TAD/CA(2020)3/FINAL/en/pdf,source_url,APA complete - public source URL
DOC-080,Batch 03,P4F-Learning-About-Cocoa-Landscape-Approaches-Online.pdf,P4F Learning About Cocoa Landscape Approaches Online,,Partnerships for Forests,ORG-043,,PDF,https://partnershipsforforests.com/wp-content/uploads/2020/12/Learning-About-Cocoa-Landscape-Approaches-Online.pdf,,Partnerships for Forests. (n.d.). P4F Learning About Cocoa Landscape Approaches Online. https://partnershipsforforests.com/wp-content/uploads/2020/12/Learning-About-Cocoa-Landscape-Approaches-Online.pdf,"(Partnerships for Forests, n.d.)",Verified,,,,,,,,,,,https://partnershipsforforests.com/wp-content/uploads/2020/12/Learning-About-Cocoa-Landscape-Approaches-Online.pdf,web_verified_or_official_filename_url_map,APA complete - public source URL
DOC-081,Converted Sources,DOC-050_Preferred_by_Nature_Risk_Assessment_Methodology_2017.pdf,Preferred by Nature Risk Assessment Methodology (converted to PDF from Website),2017.0,Preferred by Nature,ORG-044,,PDF - converted source,https://sourcinghub.preferredbynature.org/RiskAssessmentmethodology,,Preferred by Nature. (2017). Preferred by Nature Risk Assessment Methodology (converted to PDF from Website). https://sourcinghub.preferredbynature.org/RiskAssessmentmethodology,"(Preferred by Nature, 2017)",Verified - user supplied converted source file,One-to-one rerun: cleared previous candidate '2024_Forest_500_FI_Assessment_Methodology.pdf' because it was assigned to DOC-025 as the more likely match. | User supplied converted source file on 2026-05-13: DOC-050_Preferred_by_Nature_Risk_Assessment_Methodology_2017.pdf. Attach as retained PDF-backed record for consistent protocol handling.,user_supplied_converted_source_file,User verified,https://sourcinghub.preferredbynature.org/RiskAssessmentmethodology,,DOC-050_Preferred_by_Nature_Risk_Assessment_Methodology_2017.pdf,Preferred by Nature. (2017–2025). Risk Assessment Methodology.,Resolved by user-supplied converted PDF capture of the cited webpage/resource.,Retain in active corpus; no web/PDF matching required.,DOC-050,https://sourcinghub.preferredbynature.org/RiskAssessmentmethodology,source_url,APA complete - public source URL
DOC-082,Batch 08,Satelligence FLRI whitepaper.pdf,Due Diligence Toolkit,2025.0,Preferred by Nature,ORG-044,,PDF,https://www.preferredbynature.org/preferred-by-nature-due-diligence-toolkit,,Preferred by Nature. (2025). Due Diligence Toolkit. https://www.preferredbynature.org/preferred-by-nature-due-diligence-toolkit,"(Preferred by Nature, 2025)",Verified,Reconciliation: Medium fuzzy score=0.49; title_score=0.254. | One-to-one rerun: retained as the unique assignment for this PDF.,,,,,,,,,DOC-052,https://www.preferredbynature.org/preferred-by-nature-due-diligence-toolkit,source_url,APA complete - public source URL
DOC-083,Batch 08,DD-07+Supply+Chain+Mapping+Guide+v1.1.pdf,DD 07 Supply Chain Mapping Guide v1.1,,Preferred By Nature,ORG-044,,PDF,https://www.preferredbynature.org/library,,Preferred by Nature. (n.d.). DD 07 Supply Chain Mapping Guide v1.1. https://www.preferredbynature.org/library,"(Preferred by Nature, n.d.)",Verified,,,,,,,,,,,https://www.preferredbynature.org/library,official_org_landing_page_fallback,APA complete - org landing page fallback; verify exact publication URL
DOC-084,Batch 08,DD-10+Supply+Chain+Risk+Analysis+Guide+v1.pdf,DD 10 Supply Chain Risk Analysis Guide v1,,Preferred By Nature,ORG-044,,PDF,https://www.preferredbynature.org/library,,Preferred by Nature. (n.d.). DD 10 Supply Chain Risk Analysis Guide v1. https://www.preferredbynature.org/library,"(Preferred by Nature, n.d.)",Verified,,,,,,,,,,,https://www.preferredbynature.org/library,official_org_landing_page_fallback,APA complete - org landing page fallback; verify exact publication URL
DOC-085,Batch 08,DD-14+Deforestation+Risk+Assessment+Guide.pdf,DD 14 Deforestation Risk Assessment Guide,,Preferred By Nature,ORG-044,,PDF,https://www.preferredbynature.org/library,,Preferred by Nature. (n.d.). DD 14 Deforestation Risk Assessment Guide. https://www.preferredbynature.org/library,"(Preferred by Nature, n.d.)",Verified,,,,,,,,,,,https://www.preferredbynature.org/library,official_org_landing_page_fallback,APA complete - org landing page fallback; verify exact publication URL
DOC-086,Batch 08,DD-16+Digital+Tools+for+Responsible+Sourc.pdf,DD 16 Digital Tools for Responsible Sourc,,Preferred By Nature,ORG-044,,PDF,https://www.preferredbynature.org/library,,Preferred by Nature. (n.d.). DD 16 Digital Tools for Responsible Sourc. https://www.preferredbynature.org/library,"(Preferred by Nature, n.d.)",Verified,,,,,,,,,,,https://www.preferredbynature.org/library,official_org_landing_page_fallback,APA complete - org landing page fallback; verify exact publication URL
DOC-087,Batch 09,6187e246c438f3973bf4a4cc_BN01_English_ImplementationPlan_V1.1_25Aug.pdf,"Assessing and planning the implementation of soy sourcing commitments (Soy Toolkit Briefing Note 01, Version 1.1)",2019.0,Proforest,ORG-045,,PDF,https://assets-global.website-files.com/6162e71977132b31cd3ed4f1/6187e246c438f3973bf4a4cc_BN01_English_ImplementationPlan_V1.1_25Aug.pdf,,"Proforest. (2019). Assessing and planning the implementation of soy sourcing commitments (Soy Toolkit Briefing Note 01, Version 1.1). https://assets-global.website-files.com/6162e71977132b31cd3ed4f1/6187e246c438f3973bf4a4cc_BN01_English_ImplementationPlan_V1.1_25Aug.pdf","(Proforest, 2019)",Matched to uploaded PDF (unique),Reconciliation: High URL filename score=1.0; title_score=0.416. | One-to-one rerun: retained as the unique assignment for this PDF.,,,,,,,,,DOC-054,https://assets-global.website-files.com/6162e71977132b31cd3ed4f1/6187e246c438f3973bf4a4cc_BN01_English_ImplementationPlan_V1.1_25Aug.pdf,source_url,APA complete - public source URL
DOC-088,Batch 08,DDD_Reference_cocoa_2022.pdf,EU Regulation on Deforestation-Free Products: Reference Document for Cocoa Producers and Importers,2022.0,Proforest,ORG-045,,PDF,https://www.proforest.net/fileadmin/uploads/proforest/DDD_Reference_cocoa_2022.pdf,,Proforest. (2022). EU Regulation on Deforestation-Free Products: Reference Document for Cocoa Producers and Importers. https://www.proforest.net/fileadmin/uploads/proforest/DDD_Reference_cocoa_2022.pdf,"(Proforest, 2022)",Matched to uploaded PDF (unique),Reconciliation: High URL filename score=1.0; title_score=0.74. | One-to-one rerun: retained as the unique assignment for this PDF.,,,,,,,,,DOC-056,https://www.proforest.net/fileadmin/uploads/proforest/DDD_Reference_cocoa_2022.pdf,source_url,APA complete - public source URL
DOC-089,Batch 09,PF_DCFMethodology_Nov2022.pdf,Verified Deforestation and Conversion Free (V-DCF): Generic methodology and approach (Version 2.0),2022.0,Proforest,ORG-045,,PDF,https://www.proforest.net/fileadmin/uploads/proforest/Photos/Publications/PF_DCFMethodology_Nov2022.pdf,,Proforest. (2022). Verified Deforestation and Conversion Free (V-DCF): Generic methodology and approach (Version 2.0). https://www.proforest.net/fileadmin/uploads/proforest/Photos/Publications/PF_DCFMethodology_Nov2022.pdf,"(Proforest, 2022)",Matched to uploaded PDF (unique),Reconciliation: High URL filename score=1.0; title_score=0.694. | One-to-one rerun: retained as the unique assignment for this PDF.,,,,,,,,,DOC-057,https://www.proforest.net/fileadmin/uploads/proforest/Photos/Publications/PF_DCFMethodology_Nov2022.pdf,source_url,APA complete - public source URL
DOC-091,Batch 05,English-piloto_EUDR_Proforest_en_26_03_RF.pdf,English piloto EUDR Proforest en 26 03 RF,,Proforest,ORG-045,,PDF,https://www.proforest.net/knowledge-and-resources/publications/,,Proforest. (n.d.). English piloto EUDR Proforest en 26 03 RF. https://www.proforest.net/knowledge-and-resources/publications/,"(Proforest, n.d.)",Verified,,,,,,,,,,,https://www.proforest.net/knowledge-and-resources/publications/,official_org_landing_page_fallback,APA complete - org landing page fallback; verify exact publication URL
DOC-092,Batch 09,Protecting_Forests_Open_Data_Proforest_Report.pdf,Protecting Forests Open Data Proforest Report,,Proforest,ORG-045,,PDF,https://www.proforest.net/fileadmin/uploads/proforest/Documents/Protecting_Forests_Open_Data_Proforest_Report.pdf,,Proforest. (n.d.). Protecting Forests Open Data Proforest Report. https://www.proforest.net/fileadmin/uploads/proforest/Documents/Protecting_Forests_Open_Data_Proforest_Report.pdf,"(Proforest, n.d.)",Verified,,,,,,,,,,,https://www.proforest.net/fileadmin/uploads/proforest/Documents/Protecting_Forests_Open_Data_Proforest_Report.pdf,web_verified_or_official_filename_url_map,APA complete - public source URL
DOC-093,Batch 05,bn03_rsp_web.pdf,Implementing responsible sourcing – using landscape or jurisdictional initiatives,,Proforest,ORG-045,,PDF,https://www.proforest.net/fileadmin/uploads/proforest/Documents/Publications/bn03_rsp_web.pdf,,Proforest. (n.d.). Implementing responsible sourcing – using landscape or jurisdictional initiatives. https://www.proforest.net/fileadmin/uploads/proforest/Documents/Publications/bn03_rsp_web.pdf,"(Proforest, n.d.)",Verified,,,,,,,,,,,https://www.proforest.net/fileadmin/uploads/proforest/Documents/Publications/bn03_rsp_web.pdf,web_verified_or_official_filename_url_map,APA complete - public source URL
DOC-094,Batch 09,responsible_sourcing_practical_guide_online_version.pdf,Responsible Sourcing: A Practical Guide,,Proforest,ORG-045,,PDF,https://www.proforest.net/fileadmin/uploads/proforest/Documents/Publications/responsible_sourcing_practical_guide_online_version.pdf,,Proforest. (n.d.). Responsible Sourcing: A Practical Guide. https://www.proforest.net/fileadmin/uploads/proforest/Documents/Publications/responsible_sourcing_practical_guide_online_version.pdf,"(Proforest, n.d.)",Verified,,,,,,,,,,,https://www.proforest.net/fileadmin/uploads/proforest/Documents/Publications/responsible_sourcing_practical_guide_online_version.pdf,web_verified_or_official_filename_url_map,APA complete - public source URL
DOC-095,Batch 08,EU-deforestation-regulation-Key-principles-and-recommendations.pdf,Risk Benchmarking for the EUDR: Key principles & recommendations,2023.0,"Proforest, TRASE",ORG-045; ORG-057,,PDF,https://www.proforest.net/knowledge-and-resources/publications/risk-benchmarking-for-the-eu-deforestation-regulation-key-principles-recommendations-14757/,,Proforest & Trase. (2023). Risk Benchmarking for the EUDR: Key principles & recommendations. https://www.proforest.net/knowledge-and-resources/publications/risk-benchmarking-for-the-eu-deforestation-regulation-key-principles-recommendations-14757/,"(Proforest, 2023)",Matched to uploaded PDF (unique),Reconciliation: High fuzzy score=0.711; title_score=0.346. | One-to-one rerun: retained as the unique assignment for this PDF.,,,,,,,,,DOC-053,https://www.proforest.net/knowledge-and-resources/publications/risk-benchmarking-for-the-eu-deforestation-regulation-key-principles-recommendations-14757/,source_url,APA complete - public source URL
DOC-096,Batch 04,wcf-quantis-ghg-accounting-for-cocoa-20250715.pdf,wcf quantis ghg accounting for cocoa 20250715,2025.0,"Quantis, World Cocoa Foundation (WCF)",ORG-063; ORG-046,,PDF,https://worldcocoafoundation.org/storage/files/wcf-quantis-ghg-accounting-for-cocoa-20250715.pdf,,World Cocoa Foundation & Quantis. (2025). wcf quantis ghg accounting for cocoa 20250715. https://worldcocoafoundation.org/storage/files/wcf-quantis-ghg-accounting-for-cocoa-20250715.pdf,"(World Cocoa Foundation, 2025)",Verified,,,,,,,,,,,https://worldcocoafoundation.org/storage/files/wcf-quantis-ghg-accounting-for-cocoa-20250715.pdf,web_verified_or_official_filename_url_map,APA complete - public source URL
DOC-097,Batch 09,The Rainforest Alliance Approach to EUDR.pdf,The Rainforest Alliance Approach to EUDR,2025.0,Rainforest Alliance,ORG-048,,PDF,https://knowledge.rainforest-alliance.org/docs/the-rainforest-alliance-approach-to-eudr,,Rainforest Alliance. (2025). The Rainforest Alliance Approach to EUDR. https://knowledge.rainforest-alliance.org/docs/the-rainforest-alliance-approach-to-eudr,"(Rainforest Alliance, 2025)",Matched to uploaded PDF (unique),Reconciliation: High URL filename score=1.0; title_score=0.696. | One-to-one rerun: retained as the unique assignment for this PDF.,,,,,,,,,DOC-063,https://knowledge.rainforest-alliance.org/docs/the-rainforest-alliance-approach-to-eudr,source_url,APA complete - public source URL
DOC-098,Batch 09,v1_framework_EN.pdf,Assessment framework (Version 1.0),2021.0,Rainforest Alliance,ORG-048,,PDF,https://www.landscale.org/wp-content/uploads/2022/10/v1_framework_EN.pdf,,Rainforest Alliance. (2021). Assessment framework (Version 1.0). https://www.landscale.org/wp-content/uploads/2022/10/v1_framework_EN.pdf,"(Rainforest Alliance, 2021)",Verified,Reconciliation: High URL filename score=1.0; title_score=0.833. | One-to-one rerun: retained as the unique assignment for this PDF.,,,,,,,,,DOC-044,https://www.landscale.org/wp-content/uploads/2022/10/v1_framework_EN.pdf,source_url,APA complete - public source URL
DOC-099,Batch 09,V1.1 Assessment Framework_2025.pdf,"Landscale ASSESSMENT FRAMEWORK, ASSESSMENT GUIDELINES | VERSION 1.1",2025.0,Rainforest Alliance,ORG-048,,PDF,https://docs.landscale.org/assessment-guidelines/get-started/introduction-to-the-landscale-system/landscale-assessment-framework,,"Rainforest Alliance. (2025). Landscale ASSESSMENT FRAMEWORK, ASSESSMENT GUIDELINES | VERSION 1.1. https://docs.landscale.org/assessment-guidelines/get-started/introduction-to-the-landscale-system/landscale-assessment-framework","(Rainforest Alliance, 2025)",Verified,,,,,,,,,,,https://docs.landscale.org/assessment-guidelines/get-started/introduction-to-the-landscale-system/landscale-assessment-framework,web_verified_or_official_filename_url_map,APA complete - public source URL
DOC-100,Converted Sources,DOC-064_RSZPO_GeoRSPO_Platform_2019.pdf,GeoRSPO platform (converted to PDF from Website),2019.0,Roundtable on Sustainable Palm Oil (RSPO),ORG-049,,PDF - converted source,https://rspo.org/as-an-organisation/tools/georspo/,,Roundtable on Sustainable Palm Oil. (2019). GeoRSPO platform (converted to PDF from Website). https://rspo.org/as-an-organisation/tools/georspo/,"(Roundtable on Sustainable Palm Oil, 2019)",Verified - user supplied converted source file,One-to-one rerun: cleared previous candidate 'Global Forest Watch Pro Platform Analysis 11 05 2026.pdf' because no confident unique assignment was retained. | User supplied converted source file on 2026-05-13: DOC-064_RSZPO_GeoRSPO_Platform_2019.pdf. Attach as retained PDF-backed record for consistent protocol handling.,user_supplied_converted_source_file,User verified,https://rspo.org/as-an-organisation/tools/georspo/,,DOC-064_RSZPO_GeoRSPO_Platform_2019.pdf,RSPO. (2019). GeoRSPO platform.,Resolved by user-supplied converted PDF capture of the cited webpage/resource.,Retain in active corpus; no web/PDF matching required.,DOC-064,https://rspo.org/as-an-organisation/tools/georspo/,source_url,APA complete - public source URL
DOC-101,Batch 08,universal-mill-list-standardized-methodology-creating-global-database-palm-oil-mills.pdf,universal mill list standardized methodology creating global database palm oil mills,,Roundtable on Sustainable Palm Oil (RSPO),ORG-049,,PDF,https://rspo.org/,,Roundtable on Sustainable Palm Oil. (n.d.). universal mill list standardized methodology creating global database palm oil mills. https://rspo.org/,"(Roundtable on Sustainable Palm Oil, n.d.)",Verified,,,,,,,,,,,https://rspo.org/,official_org_landing_page_fallback,APA complete - org landing page fallback; verify exact publication URL
DOC-102,Batch 08,ofi Scaling FLRI whitepaper update.pdf,Olam Food Ingredients and Satelligence present: Scaling the Forest Loss Risk Index (FLRI) approach across landscapes,2023.0,Satelligence,ORG-051,,PDF,https://satelligence.com/wp-content/uploads/2023/10/FLRIwhitepaper.pdf,,Satelligence. (2023). Olam Food Ingredients and Satelligence present: Scaling the Forest Loss Risk Index (FLRI) approach across landscapes. https://satelligence.com/wp-content/uploads/2023/10/FLRIwhitepaper.pdf,"(Satelligence, 2023)",Verified - web matched,One-to-one rerun: cleared previous candidate 'wcf-deforestation-risk-assesement-methodology.pdf' because it was assigned to DOC-080 as the more likely match. | Web-seeded correction: official Satelligence FLRI PDF/source matches uploaded renamed file.,official_pdf_found_matches_uploaded_pdf,High,https://satelligence.com/scaling-the-forest-loss-risk-index-flri-approach-across-landscapes-with-olam-food-ingredients/,https://satelligence.com/wp-content/uploads/2023/10/FLRIwhitepaper.pdf,Batch_08/ofi Scaling FLRI whitepaper update.pdf,Satelligence. (n.d.). Olam Food Ingredients and Satelligence present: Scaling the Forest Loss Risk Index (FLRI) approach across landscapes.,Official Satelligence page and PDF found; uploaded file is the FLRI whitepaper under a shortened/renamed filename.,Confirm match and move from unmatched inventory to verified B1 record.,DOC-068,https://satelligence.com/wp-content/uploads/2023/10/FLRIwhitepaper.pdf,source_url,APA complete - public source URL
DOC-103,Batch 09,White-Paper-GFLI-Feed-Ingredients-Final.pdf,White Paper GFLI Feed Ingredients Final,,Satelligence,ORG-051,,PDF,https://satelligence.com/,,Satelligence. (n.d.). White Paper GFLI Feed Ingredients Final. https://satelligence.com/,"(Satelligence, n.d.)",Verified,,,,,,,,,,,https://satelligence.com/,official_org_landing_page_fallback,APA complete - org landing page fallback; verify exact publication URL
DOC-104,Batch 08,supplementary_methodological_material_2022.pdf,Monitoring through satellite images: methodological supplement,2022.0,Soy Moratorium Working Group,ORG-052,,PDF,https://moratoriadasoja.com.br/assets/files/en/supplementary_methodological_material_2022.pdf,,Soy Moratorium Working Group. (2022). Monitoring through satellite images: methodological supplement. https://moratoriadasoja.com.br/assets/files/en/supplementary_methodological_material_2022.pdf,"(Soy Moratorium Working Group, 2022)",Matched to uploaded PDF (unique),Reconciliation: High URL filename score=1.0; title_score=0.652. | One-to-one rerun: retained as the unique assignment for this PDF.,,,,,,,,,DOC-071,https://moratoriadasoja.com.br/assets/files/en/supplementary_methodological_material_2022.pdf,source_url,APA complete - public source URL
DOC-105,Batch 06,What Is Supply Chain Mapping_SEI PCS.pdf,What Is Supply Chain Mapping SEI PCS,,Stockholm Environment Institute (SEI),ORG-053,,PDF,https://www.sei.org/,,Stockholm Environment Institute. (n.d.). What Is Supply Chain Mapping SEI PCS. https://www.sei.org/,"(Stockholm Environment Institute, n.d.)",Verified,,,,,,,,,,,https://www.sei.org/,official_org_landing_page_fallback,APA complete - org landing page fallback; verify exact publication URL
DOC-106,Batch 03,tnc-environmentalframeworksoy-eng.pdf,tnc environmentalframeworksoy eng,,The Nature Conservancy (TNC),ORG-056,,PDF,https://www.nature.org/,,The Nature Conservancy. (n.d.). tnc environmentalframeworksoy eng. https://www.nature.org/,"(The Nature Conservancy, n.d.)",Verified,,,,,,,,,,,https://www.nature.org/,official_org_landing_page_fallback,APA complete - org landing page fallback; verify exact publication URL
DOC-107,Batch 09,Trase_supply_chain_mapping_manual.pdf,Supply chain mapping manual: SEI-PCS,2018.0,Trase,ORG-057,,PDF,https://resources.trase.earth/documents/Trase_supply_chain_mapping_manual.pdf,,Trase. (2018). Supply chain mapping manual: SEI-PCS. https://resources.trase.earth/documents/Trase_supply_chain_mapping_manual.pdf,"(Trase, 2018)",Matched to uploaded PDF (unique),"Reconciliation: High URL filename score=1.0; title_score=0.082. URL/filename match, but APA title appears inconsistent with PDF title; manual review recommended | One-to-one rerun: retained as the unique assignment for this PDF.",,,,,,,,,DOC-073,https://resources.trase.earth/documents/Trase_supply_chain_mapping_manual.pdf,source_url,APA complete - public source URL
DOC-108,Batch 08,The_Beijing-Brasilia_effect.pdf,The Beijing Brasilia effect,,TRASE,ORG-057,,PDF,https://resources.trase.earth/,,Trase. (n.d.). The Beijing Brasilia effect. https://resources.trase.earth/,"(Trase, n.d.)",Verified,,,,,,,,,,,https://resources.trase.earth/,official_org_landing_page_fallback,APA complete - org landing page fallback; verify exact publication URL
DOC-109,Batch 07,TFA-Assessing-Traceability-Monitoring-and-Sustainability-Initiatives-in-Key-Soft-Commodities_Final-Report.pdf,TFA Assessing Traceability Monitoring and Sustainability Initiatives in Key Soft Commodities Final Report,,Tropical Forest Alliance (TFA),ORG-058,,PDF,https://www.tropicalforestalliance.org/,,Tropical Forest Alliance. (n.d.). TFA Assessing Traceability Monitoring and Sustainability Initiatives in Key Soft Commodities Final Report. https://www.tropicalforestalliance.org/,"(Tropical Forest Alliance, n.d.)",Verified,,,,,,,,,,,https://www.tropicalforestalliance.org/,official_org_landing_page_fallback,APA complete - org landing page fallback; verify exact publication URL
DOC-110,Batch 07,ae088-bn02a-understandthesupplychain_eng_final_v1.0.pdf,Forest Data Partnership (Transparent Supply Chains),,UN Food and Agriculture Organization (FAO),ORG-059,,PDF,https://www.fao.org/transparent-supply-chains/forest-data-partnership/en,,Food and Agriculture Organization of the United Nations. (n.d.). Forest Data Partnership (Transparent Supply Chains). https://www.fao.org/transparent-supply-chains/forest-data-partnership/en,"(Food and Agriculture Organization of the United Nations, n.d.)",Verified,Reconciliation: Medium fuzzy score=0.523; title_score=0.046. | One-to-one rerun: retained as the unique assignment for this PDF.,,,,,,,,,DOC-019,https://www.fao.org/transparent-supply-chains/forest-data-partnership/en,source_url,APA complete - public source URL
DOC-111,Batch 07,FAO_Smallholder Data Governance_PbN_Study Presentation Nov25.pdf,FAO Smallholder Data Governance PbN Study Presentation Nov25,,UN Food and Agriculture Organization (FAO),ORG-059,,PDF,https://www.fao.org/forest-data-partnership/en/,,Food and Agriculture Organization of the United Nations. (n.d.). FAO Smallholder Data Governance PbN Study Presentation Nov25. https://www.fao.org/forest-data-partnership/en/,"(Food and Agriculture Organization of the United Nations, n.d.)",Verified,,,,,,,,,,,https://www.fao.org/forest-data-partnership/en/,web_verified_or_official_filename_url_map,APA complete - public source URL
DOC-112,Batch 07,cd0957en.pdf,"Towards a digital public infrastructure for deforestation-related trade regulations, What is in that plot? (Whisp) solution to implement convergence of evidence",,UN Food and Agriculture Organization (FAO),ORG-059,,PDF,https://www.fao.org/4/cd0957en/cd0957en.pdf,,"Food and Agriculture Organization of the United Nations. (n.d.). Towards a digital public infrastructure for deforestation-related trade regulations, What is in that plot? (Whisp) solution to implement convergence of evidence. https://www.fao.org/4/cd0957en/cd0957en.pdf","(Food and Agriculture Organization of the United Nations, n.d.)",Verified,,,,,,,,,,,https://www.fao.org/4/cd0957en/cd0957en.pdf,web_verified_or_official_filename_url_map,APA complete - public source URL
DOC-113,Batch 01,Physical-traceability-in-Greenhouse-Gas-accounting-2.pdf,"Physical traceability in greenhouse gas accounting: A practical publication for companies, standards and verification bodies on how traceability and chain-of-custody apply to GHG accounting — Food & Agriculture sector",2024.0,"Value Change Initiative (VCI), iSEAL",ORG-060; ORG-033,,PDF,https://valuechangeinitiative.com/resource/physical-traceability-in-greenhouse-gas-accounting/,,"Value Change Initiative & ISEAL. (2024). Physical traceability in greenhouse gas accounting: A practical publication for companies, standards and verification bodies on how traceability and chain-of-custody apply to GHG accounting — Food & Agriculture sector. https://valuechangeinitiative.com/resource/physical-traceability-in-greenhouse-gas-accounting/","(Value Change Initiative, 2024)",Matched to uploaded PDF (unique),"Reconciliation: High URL filename score=1.0; title_score=0.067. URL/filename match, but APA title appears inconsistent with PDF title; manual review recommended | One-to-one rerun: retained as the unique assignment for this PDF.",,,,,,,,,DOC-074,https://valuechangeinitiative.com/resource/physical-traceability-in-greenhouse-gas-accounting/,source_url,APA complete - public source URL
DOC-114,Batch 09,JNR-Scenario-2-Requirements-v4.1.pdf,JNR Scenario 2 Requirements v4.1,2024.0,Verra,ORG-061,,PDF,https://verra.org/wp-content/uploads/2024/08/JNR-Scenario-2-Requirements-v4.1.pdf,,Verra. (2024). JNR Scenario 2 Requirements v4.1. https://verra.org/wp-content/uploads/2024/08/JNR-Scenario-2-Requirements-v4.1.pdf,"(Verra, 2024)",Verified,,,,,,,,,,,https://verra.org/wp-content/uploads/2024/08/JNR-Scenario-2-Requirements-v4.1.pdf,source_url,APA complete - public source URL
DOC-115,Batch 09,Jurisdictional-and-Nested-REDD-Guide-v4.1-2.pdf,Jurisdictional and Nested REDD Guide v4.1 2,,Verra,ORG-061,,PDF,https://verra.org/wp-content/uploads/2024/08/Jurisdictional-and-Nested-REDD-Guide-v4.1.pdf,,Verra. (n.d.). Jurisdictional and Nested REDD Guide v4.1 2. https://verra.org/wp-content/uploads/2024/08/Jurisdictional-and-Nested-REDD-Guide-v4.1.pdf,"(Verra, n.d.)",Verified,,,,,,,,,,,https://verra.org/wp-content/uploads/2024/08/Jurisdictional-and-Nested-REDD-Guide-v4.1.pdf,web_verified_or_official_filename_url_map,APA complete - public source URL
DOC-116,Batch 06,Soft-Commodities-Forum-SCF24_AnnualReport-2024-EN.pdf,Progress Report & risk assessment methodology,2024.0,WBCSD Soft Commodity Forum (SCF),ORG-062,,PDF,https://www.cofcointernational.com/media/rupkzhxi/soft-commodities-forum-scf24_annualreport-2024-en-1.pdf,,World Business Council for Sustainable Development. (2024). Progress Report & risk assessment methodology. https://www.cofcointernational.com/media/rupkzhxi/soft-commodities-forum-scf24_annualreport-2024-en-1.pdf,"(World Business Council for Sustainable Development, 2024)",Matched to uploaded PDF (unique),Reconciliation: High URL filename score=1.0; title_score=0.333. | One-to-one rerun: retained as the unique assignment for this PDF.,,,,,,,,,DOC-069,https://www.cofcointernational.com/media/rupkzhxi/soft-commodities-forum-scf24_annualreport-2024-en-1.pdf,source_url,APA complete - public source URL
DOC-117,Batch 05,Agriculture-Sector-Roadmap_Jan-2023.pdf,Agricultural Sector Roadmap to 1.5 C,2023.0,WBCSD Soft Commodity Forum (SCF),ORG-062,,PDF,https://www.wbcsd.org/wp-content/uploads/2023/01/Agriculture-Sector-Roadmap_Jan-2023.pdf,,World Business Council for Sustainable Development. (2023). Agricultural Sector Roadmap to 1.5 C. https://www.wbcsd.org/wp-content/uploads/2023/01/Agriculture-Sector-Roadmap_Jan-2023.pdf,"(World Business Council for Sustainable Development, 2023)",Verified,,,,,,,,,,,https://www.wbcsd.org/wp-content/uploads/2023/01/Agriculture-Sector-Roadmap_Jan-2023.pdf,web_verified_or_official_filename_url_map,APA complete - public source URL
DOC-118,Batch 08,wcf-deforestation-risk-assesement-methodology.pdf,Deforestation Risk Assessment Methodology,2024.0,World Cocoa Foundation (WCF),ORG-063,,PDF,https://worldcocoafoundation.org/programmes-and-initiatives/deforestation-risk-assessment-methodology,,World Cocoa Foundation. (2024). Deforestation Risk Assessment Methodology. https://worldcocoafoundation.org/programmes-and-initiatives/deforestation-risk-assessment-methodology,"(World Cocoa Foundation, 2024)",Matched to uploaded PDF (unique),Reconciliation: High URL filename score=0.93; title_score=0.366. | One-to-one rerun: retained as the unique assignment for this PDF.,,,,,,,,,DOC-080,https://worldcocoafoundation.org/programmes-and-initiatives/deforestation-risk-assessment-methodology,source_url,APA complete - public source URL
DOC-119,Batch 08,041525-ciat-wcf-assessment-best-practices.pdf,Establishing best practices and evaluating data and methods for forest monitoring,2025.0,"World Cocoa Foundation (WCF), Alliance of Bioversity International and CIAT",ORG-005; ORG-063,,PDF,https://worldcocoafoundation.org/storage/files/041525-ciat-wcf-assessment-best-practices.pdf,,Alliance of Bioversity International and CIAT & World Cocoa Foundation. (2025). Establishing best practices and evaluating data and methods for forest monitoring. https://worldcocoafoundation.org/storage/files/041525-ciat-wcf-assessment-best-practices.pdf,"(Alliance of Bioversity International and CIAT, 2025)",Matched to uploaded PDF (unique),Reconciliation: High URL filename score=1.0; title_score=1.0. | One-to-one rerun: retained as the unique assignment for this PDF.,,,,,,,,,DOC-079,https://worldcocoafoundation.org/storage/files/041525-ciat-wcf-assessment-best-practices.pdf,source_url,APA complete - public source URL
DOC-120,Batch 08,dcf-criteria_beef.pdf,"""BRAZIL-CHINA | COMPLIANCE WITH BRAZILIAN LEGISLATION AND ADDITIONAL CRITERIA FOR DEFORESTATION AND CONVERSION-FREE PRACTICE""",,World Resource Institute Brasil,ORG-064,,PDF,https://www.wribrasil.org.br/,,"World Resources Institute Brasil. (n.d.). ""BRAZIL-CHINA | COMPLIANCE WITH BRAZILIAN LEGISLATION AND ADDITIONAL CRITERIA FOR DEFORESTATION AND CONVERSION-FREE PRACTICE"". https://www.wribrasil.org.br/","(World Resources Institute Brasil, n.d.)",Verified,,,,,,,,,,,https://www.wribrasil.org.br/,official_org_landing_page_fallback,APA complete - org landing page fallback; verify exact publication URL
DOC-121,Batch 08,GFW Pro Overview Latest_11082024.pdf,GFW Pro Help Center,2024.0,World Resources Institute (WRI),ORG-065,,PDF,https://www.globalforestwatch.org/help/gfw-pro/,,World Resources Institute. (2024). GFW Pro Help Center. https://www.globalforestwatch.org/help/gfw-pro/,"(World Resources Institute, 2024)",Verified,Reconciliation: Medium fuzzy score=0.521; title_score=0.381. | One-to-one rerun: retained as the unique assignment for this PDF.,,,,,,,,,DOC-081,https://www.globalforestwatch.org/help/gfw-pro/,source_url,APA complete - public source URL
DOC-122,Batch 06,WRI Cocoa DRA ghana.pdf,WRI Cocoa DRA ghana,,World Resources Institute (WRI),ORG-065,,PDF,https://www.wri.org/,,World Resources Institute. (n.d.). WRI Cocoa DRA ghana. https://www.wri.org/,"(World Resources Institute, n.d.)",Verified,,,,,,,,,,,https://www.wri.org/,official_org_landing_page_fallback,APA complete - org landing page fallback; verify exact publication URL
DOC-123,Batch 08,Global Forest Watch Pro Platform Analysis 11 05 2026.pdf,Global Forest Watch Pro Platform Analysis 11 05 2026,2026.0,World Resources Institute (WRI),ORG-065,,PDF,https://www.wri.org/,,World Resources Institute. (2026). Global Forest Watch Pro Platform Analysis 11 05 2026. https://www.wri.org/,"(World Resources Institute, 2026)",Verified,,,,,,,,,,,https://www.wri.org/,official_org_landing_page_fallback,APA complete - org landing page fallback; verify exact publication URL
DOC-124,Batch 09,WWF WRI minimum-monitoring-criteria-for-deforestation--and-conversion-free.pdf,Minimum Monitoring Criteria for Deforestation and Conversion-Free (DCF) Products – for Commodities Originating in Brazil. - Sy Maize Cotton,2025.0,World Wildlife Fund  (WWF),ORG-066,,PDF,https://wwfbrnew.awsassets.panda.org/downloads/minimum-monitoring-criteria-for-deforestation--and-conversion-free--dcf--products_soy_1.pdf,,World Wildlife Fund. (2025). Minimum Monitoring Criteria for Deforestation and Conversion-Free (DCF) Products – for Commodities Originating in Brazil. - Sy Maize Cotton. https://wwfbrnew.awsassets.panda.org/downloads/minimum-monitoring-criteria-for-deforestation--and-conversion-free--dcf--products_soy_1.pdf,"(World Wildlife Fund, 2025)",Matched to uploaded PDF (unique),Reconciliation: High fuzzy score=0.654; title_score=0.752. | One-to-one rerun: retained as the unique assignment for this PDF.,,,,,,,,,DOC-083,https://wwfbrnew.awsassets.panda.org/downloads/minimum-monitoring-criteria-for-deforestation--and-conversion-free--dcf--products_soy_1.pdf,source_url,APA complete - public source URL
DOC-125,Batch 04,88x7f9hpn9_DCF_Implementation_Toolkit_User_Guide_02.12.21.pdf,DCF Implementation Toolkit - User Guide,,World Wildlife Fund  (WWF),ORG-066,,PDF,https://wwfbr.awsassets.panda.org/downloads/88x7f9hpn9_DCF_Implementation_Toolkit_User_Guide_02.12.21.pdf,,World Wildlife Fund. (n.d.). DCF Implementation Toolkit - User Guide. https://wwfbr.awsassets.panda.org/downloads/88x7f9hpn9_DCF_Implementation_Toolkit_User_Guide_02.12.21.pdf,"(World Wildlife Fund, n.d.)",Verified,,,,,,,,,,,https://wwfbr.awsassets.panda.org/downloads/88x7f9hpn9_DCF_Implementation_Toolkit_User_Guide_02.12.21.pdf,web_verified_or_official_filename_url_map,APA complete - public source URL
DOC-126,Batch 09,Presentation_DCFMinimumCriteria_EN.pdf,Introducing DCF Minimum Criteria and Operationalizing the AFI in Brazil,,World Wildlife Fund  (WWF),ORG-066,,PDF,https://wwfbrnew.awsassets.panda.org/downloads/presentation_dcfminimumcriteria_en.pdf,,World Wildlife Fund. (n.d.). Introducing DCF Minimum Criteria and Operationalizing the AFI in Brazil. https://wwfbrnew.awsassets.panda.org/downloads/presentation_dcfminimumcriteria_en.pdf,"(World Wildlife Fund, n.d.)",Verified,,,,,,,,,,,https://wwfbrnew.awsassets.panda.org/downloads/presentation_dcfminimumcriteria_en.pdf,web_verified_or_official_filename_url_map,APA complete - public source URL
