doc_id,batch_id,file_name,title,year,authors_or_orgs,publishing_org_id,document_type,source_url,apa_reference,text_extraction_status,page_count,extracted_char_count,pdf_path,path_basis,protocol_inclusion
DOC-001,Batch 09,Relat_Cerrado-2022-2023_English.pdf,Cerrado Monitoring Report,2024.0,ABIOVE,ORG-001,PDF,https://abiove.org.br/biblioteca/2023-cerrado-monitoring-report-2/,ABIOVE. (2024). Cerrado Monitoring Report. https://abiove.org.br/biblioteca/2023-cerrado-monitoring-report-2/,extracted,44.0,83540,/mnt/data/_corpus_extracted/Batch 07/Relat_Cerrado-2022-2023_English.pdf,multi_filename_first_fallback,counted_in_v1.3
DOC-002,Batch 06,Cartilha-de-Criterios-Socioambientais-Fasciculo-III-Ingles-compressed.pdf,Socio-Environmental Criteria; Library,2024.0,ABIOVE,ORG-001,PDF,https://abiove.org.br/abiove_content/Abiove/Cartilha-de-Criterios-Socioambientais-Fasciculo-III-Ingles-compressed.pdf,ABIOVE. (2024). Socio-Environmental Criteria; Library. https://abiove.org.br/abiove_content/Abiove/Cartilha-de-Criterios-Socioambientais-Fasciculo-III-Ingles-compressed.pdf,extracted,16.0,23442,/mnt/data/_corpus_extracted/Batch 06/Cartilha-de-Criterios-Socioambientais-Fasciculo-III-Ingles-compressed.pdf,batch_file_exact,counted_in_v1.3
DOC-003,Batch 06,Relatorio-Moratoria-da-Soja_2022-23.pdf,MORATÓRIA DA SOJA Desmatamento-zero na Amazônia Monitoramento da soja por imagens de satélites SAFRA 2022/23,2022.0,ABIOVE,ORG-001,PDF,https://abiove.org.br/abiove_content/Abiove/Relatorio-Moratoria-da-Soja_2022-23.pdf,ABIOVE. (2022). MORATÓRIA DA SOJA Desmatamento-zero na Amazônia Monitoramento da soja por imagens de satélites SAFRA 2022/23. https://abiove.org.br/abiove_content/Abiove/Relatorio-Moratoria-da-Soja_2022-23.pdf,extracted,68.0,104320,/mnt/data/_corpus_extracted/Batch 06/Relatorio-Moratoria-da-Soja_2022-23.pdf,batch_file_exact,counted_in_v1.3
DOC-004,Batch 08,OG_Monitoring_Verification-2020-5.pdf,Operational Guidance: Monitoring & Verification,2020.0,Accountability Framework initiative (AFi),ORG-002,PDF,https://accountability-framework.org/fileadmin/uploads/afi/Documents/Operational_Guidance/OG_Monitoring_Verification-2020-5.pdf,Accountability Framework initiative. (2020). Operational Guidance: Monitoring & Verification. https://accountability-framework.org/fileadmin/uploads/afi/Documents/Operational_Guidance/OG_Monitoring_Verification-2020-5.pdf,extracted,56.0,112139,/mnt/data/_corpus_extracted/Batch 08/OG_Monitoring_Verification-2020-5.pdf,batch_file_exact,counted_in_v1.3
DOC-005,Batch 08,OG_Supply_Chain_Management-2020-5.pdf,Operational Guidance: Supply Chain Management,2020.0,Accountability Framework initiative (AFi),ORG-002,PDF,https://accountability-framework.org/fileadmin/uploads/afi/Documents/Operational_Guidance/OG_Supply_Chain_Management-2020-5.pdf,Accountability Framework initiative. (2020). Operational Guidance: Supply Chain Management. https://accountability-framework.org/fileadmin/uploads/afi/Documents/Operational_Guidance/OG_Supply_Chain_Management-2020-5.pdf,extracted,35.0,65429,/mnt/data/_corpus_extracted/Batch 08/OG_Supply_Chain_Management-2020-5.pdf,batch_file_exact,counted_in_v1.3
DOC-006,Batch 09,Traceability-Accountability-Framework.pdf,Traceability,2021.0,Accountability Framework initiative (AFi),ORG-002,PDF,https://accountability-framework.org/fileadmin/uploads/afi/Documents/Traceability-Accountability-Framework.pdf,Accountability Framework initiative. (2021). Traceability. https://accountability-framework.org/fileadmin/uploads/afi/Documents/Traceability-Accountability-Framework.pdf,extracted,5.0,5140,/mnt/data/_corpus_extracted/Batch 09/Traceability-Accountability-Framework.pdf,batch_file_exact,counted_in_v1.3
DOC-007,Batch 08,AFI LUC and Emissions Guidance 09_2022_FINALIZED FROM AFi.pdf,AFI LUC and Emissions Guidance 09 2022 FINALIZED FROM AFi,2022.0,Accountability Framework initiative (AFi),ORG-002,PDF,https://accountability-framework.org/wp-content/uploads/2022/09/AFI-LUC-and-Emissions-Guidance-09_2022.pdf,Accountability Framework initiative. (2022). AFI LUC and Emissions Guidance 09 2022 FINALIZED FROM AFi. https://accountability-framework.org/wp-content/uploads/2022/09/AFI-LUC-and-Emissions-Guidance-09_2022.pdf,extracted,51.0,103510,/mnt/data/_corpus_extracted/Batch 08/AFI LUC and Emissions Guidance 09_2022_FINALIZED FROM AFi.pdf,batch_file_exact,counted_in_v1.3
DOC-008,Batch 08,AFi Operational Guidance - Smallholder Inclusion (2020-05).pdf,AFi Operational Guidance Smallholder Inclusion (2020 05),2020.0,Accountability Framework initiative (AFi),ORG-002,PDF,https://accountability-framework.org/the-accountability-framework/download-the-full-framework/,Accountability Framework initiative. (2020). AFi Operational Guidance Smallholder Inclusion (2020 05). https://accountability-framework.org/the-accountability-framework/download-the-full-framework/,extracted,27.0,51785,/mnt/data/_corpus_extracted/Batch 08/AFi Operational Guidance - Smallholder Inclusion (2020-05).pdf,batch_file_exact,counted_in_v1.3
DOC-009,Batch 08,AFi Operatonal Guidance - Cutoff Dates (2023-09).pdf,AFi Operatonal Guidance Cutoff Dates (2023 09),2023.0,Accountability Framework initiative (AFi),ORG-002,PDF,https://accountability-framework.org/the-accountability-framework/download-the-full-framework/,Accountability Framework initiative. (2023). AFi Operatonal Guidance Cutoff Dates (2023 09). https://accountability-framework.org/the-accountability-framework/download-the-full-framework/,extracted,13.0,19507,/mnt/data/_corpus_extracted/Batch 08/AFi Operatonal Guidance - Cutoff Dates (2023-09).pdf,batch_file_exact,counted_in_v1.3
DOC-010,Batch 07,TerraFund MRV Feb 2023 (Updated July 2024).pdf,TerraFund MRV Feb 2023 (Updated July 2024),2023.0,AFR100 Terra-Fund,ORG-003,PDF,https://afr100.org/sites/default/files/2024-08/TerraFund%20MRV%20Feb%202023%20%28Updated%20July%202024%29.pdf,AFR100 / TerraFund for AFR100. (2023). TerraFund MRV Feb 2023 (Updated July 2024). https://afr100.org/sites/default/files/2024-08/TerraFund%20MRV%20Feb%202023%20%28Updated%20July%202024%29.pdf,extracted,48.0,82841,/mnt/data/_corpus_extracted/Batch 07/TerraFund MRV Feb 2023 (Updated July 2024).pdf,batch_file_exact,counted_in_v1.3
DOC-011,Batch 09,Soy-risk-analysis-in-Brazil-for-EUDR_2021-22.pdf,"SOY RISK 2022 Report, Apresentação do PowerPoint",2022.0,Agrosatélite,ORG-004,PDF,https://agrosatelite.com.br/,"Agrosatélite. (2022). SOY RISK 2022 Report, Apresentação do PowerPoint. https://agrosatelite.com.br/",extracted,17.0,7188,/mnt/data/_corpus_extracted/Batch 09/Soy-risk-analysis-in-Brazil-for-EUDR_2021-22.pdf,batch_file_exact,counted_in_v1.3
DOC-012,Batch 09,CDP_Full_Corporate_Scoring_Methodology_2025_-_Forests.pdf,Full Corporate Scoring Methodology – Forests,2025.0,Carbon Disclosure Project (CDP.net),ORG-006,PDF,https://assets.ctfassets.net/v7uy4j80khf8/tx9Ydi2dYFSdAzZXJqbQZ/47034be6390c37bb789933327544239f/CDP_Full_Corporate_Scoring_Methodology_2025_-_Forests.pdf,CDP. (2025). Full Corporate Scoring Methodology – Forests. https://assets.ctfassets.net/v7uy4j80khf8/tx9Ydi2dYFSdAzZXJqbQZ/47034be6390c37bb789933327544239f/CDP_Full_Corporate_Scoring_Methodology_2025_-_Forests.pdf,extracted,342.0,449909,/mnt/data/_corpus_extracted/Batch 09/CDP_Full_Corporate_Scoring_Methodology_2025_-_Forests.pdf,batch_file_exact,counted_in_v1.3
DOC-013,Batch 09,INVESTMENTS_FOR_IMPACT_AND_RESILIENCE_Landscape_Guide_2025_compressed-1.pdf,INVESTMENTS: A Coffee Industry Guidebook on Landscape and Jurisdictional Initiaves,2025.0,Conservation International,ORG-007,PDF,https://www.conservation.org/,Conservation International. (2025). INVESTMENTS: A Coffee Industry Guidebook on Landscape and Jurisdictional Initiaves. https://www.conservation.org/,extracted,52.0,128509,/mnt/data/_corpus_extracted/Batch 08/INVESTMENTS_FOR_IMPACT_AND_RESILIENCE_Landscape_Guide_2025_compressed-1.pdf,multi_filename_first_fallback,counted_in_v1.3
DOC-014,Batch 09,CGF-FPC-Soy-DCF-Methodology-v0.pdf,CGF FPC Soy DCF Methodology v0,,Consumer Goods Forum (CGF),ORG-008,PDF,https://www.theconsumergoodsforum.com/wp-content/uploads/2023/02/CGF-FPC-Soy-DCF-Methodology-v0.pdf,Consumer Goods Forum. (n.d.). CGF FPC Soy DCF Methodology v0. https://www.theconsumergoodsforum.com/wp-content/uploads/2023/02/CGF-FPC-Soy-DCF-Methodology-v0.pdf,extracted,27.0,32714,/mnt/data/_corpus_extracted/Batch 09/CGF-FPC-Soy-DCF-Methodology-v0.pdf,batch_file_exact,counted_in_v1.3
DOC-015,Batch 09,CGF-FPC-Soy-Roadmap-Guidance.pdf,CGF FPC Soy Roadmap Guidance,,Consumer Goods Forum (CGF),ORG-008,PDF,https://www.theconsumergoodsforum.com/wp-content/uploads/2023/02/CGF-FPC-Soy-Roadmap-Guidance.pdf,Consumer Goods Forum. (n.d.). CGF FPC Soy Roadmap Guidance. https://www.theconsumergoodsforum.com/wp-content/uploads/2023/02/CGF-FPC-Soy-Roadmap-Guidance.pdf,extracted,80.0,124183,/mnt/data/_corpus_extracted/Batch 09/CGF-FPC-Soy-Roadmap-Guidance.pdf,batch_file_exact,counted_in_v1.3
DOC-016,Batch 09,CGF-Forest-Positive-Beef-Roadmap-Guidance-V1.2.pdf,CGF Forest Positive Beef Roadmap Guidance V1.2,,Consumer Goods Forum (CGF),ORG-008,PDF,https://www.theconsumergoodsforum.com/wp-content/uploads/2024/04/CGF-Forest-Positive-Beef-Roadmap-Guidance-V1.2.pdf,Consumer Goods Forum. (n.d.). CGF Forest Positive Beef Roadmap Guidance V1.2. https://www.theconsumergoodsforum.com/wp-content/uploads/2024/04/CGF-Forest-Positive-Beef-Roadmap-Guidance-V1.2.pdf,extracted,66.0,98308,/mnt/data/_corpus_extracted/Batch 09/CGF-Forest-Positive-Beef-Roadmap-Guidance-V1.2.pdf,batch_file_exact,counted_in_v1.3
DOC-017,Batch 09,giz2024-en-AgriChains-Brazil.pdf,Project AgriChains Brazil: Sustainable Soy Supply Chain,2024.0,Deutsche Gesellschaft für Internationale Zusammenarbeit (GIZ) GmbH,ORG-010,PDF,https://www.giz.de/de/downloads/giz2024-en-AgriChains-Brazil.pdf,Deutsche Gesellschaft für Internationale Zusammenarbeit (GIZ) GmbH. (2024). Project AgriChains Brazil: Sustainable Soy Supply Chain. https://www.giz.de/de/downloads/giz2024-en-AgriChains-Brazil.pdf,extracted,2.0,7649,/mnt/data/_corpus_extracted/Batch 09/giz2024-en-AgriChains-Brazil.pdf,batch_file_exact,counted_in_v1.3
DOC-018,Batch 09,ILM_Practical_Guide_DEC22.pdf,ILM Practical Guide DEC22,2022.0,EcoAgriculture Partners,ORG-012,PDF,https://landscapes.global/wp-content/uploads/2022/12/ILM_Practical_Guide_DEC22.pdf,EcoAgriculture Partners. (2022). ILM Practical Guide DEC22. https://landscapes.global/wp-content/uploads/2022/12/ILM_Practical_Guide_DEC22.pdf,extracted,35.0,65206,/mnt/data/_corpus_extracted/Batch 04/ILM_Practical_Guide_DEC22.pdf,multi_filename_first_fallback,counted_in_v1.3
DOC-019,Batch 09,Econometrica Review-of-Deforestation-Risk-Maps-1.pdf,Econometrica Review of Deforestation Risk Maps 1,,Econometrica,ORG-013,PDF,https://www.econometricainc.com/,Econometrica. (n.d.). Econometrica Review of Deforestation Risk Maps 1. https://www.econometricainc.com/,extracted,13.0,28377,/mnt/data/_corpus_extracted/Batch 09/Econometrica Review-of-Deforestation-Risk-Maps-1.pdf,batch_file_exact,counted_in_v1.3
DOC-020,Batch 07,211224_herewegrow_enveritas_deforestation_white-paper_web.pdf,211224 herewegrow enveritas deforestation white paper web,,Enveritas,ORG-014,PDF,https://www.enveritas.org/,Enveritas. (n.d.). 211224 herewegrow enveritas deforestation white paper web. https://www.enveritas.org/,extracted,45.0,49657,/mnt/data/_corpus_extracted/Batch 07/211224_herewegrow_enveritas_deforestation_white-paper_web.pdf,batch_file_exact,counted_in_v1.3
DOC-021,Batch 09,Palm-sector-supply-chain-guidance.pdf,Sector supply-chain guidance – palm,,European Bank for Reconstruction and Development (EBRD),ORG-015,PDF,https://www.ebrd.com/content/dam/ebrd_dxp/assets/pdfs/financial-institution/sustainable-finance/environmental-and-social-risk-management/issues/Palm-sector-supply-chain-guidance.pdf,European Bank for Reconstruction and Development. (n.d.). Sector supply-chain guidance – palm. https://www.ebrd.com/content/dam/ebrd_dxp/assets/pdfs/financial-institution/sustainable-finance/environmental-and-social-risk-management/issues/Palm-sector-supply-chain-guidance.pdf,extracted,9.0,35140,/mnt/data/_corpus_extracted/Batch 09/Palm-sector-supply-chain-guidance.pdf,batch_file_exact,counted_in_v1.3
DOC-022,Batch 08,EU_Regulation_on_Deforestation-Free_Products-_Operational_.pdf,Regulation on deforestation-free products,2025.0,European Commission,ORG-016,PDF,https://environment.ec.europa.eu/topics/forests/deforestation/regulation-deforestation-free-products_en,European Commission. (2025). Regulation on deforestation-free products. https://environment.ec.europa.eu/topics/forests/deforestation/regulation-deforestation-free-products_en,extracted,18.0,68308,/mnt/data/_corpus_extracted/Batch 08/EU_Regulation_on_Deforestation-Free_Products-_Operational_.pdf,batch_file_exact,counted_in_v1.3
DOC-023,Batch 07,C_2025_2485_F1_ANNEX_EN_V3_P1_4056628.pdf,GUIDANCE  DOCUMENT 1 FOR REGULATION ( 2023/1115 ON DEFORESTATION FREE PRODUCTS,2023.0,European Commission,ORG-016,PDF,https://green-forum.ec.europa.eu/nature-and-biodiversity/deforestation-regulation-implementation_en,European Commission. (2023). GUIDANCE  DOCUMENT 1 FOR REGULATION ( 2023/1115 ON DEFORESTATION FREE PRODUCTS. https://green-forum.ec.europa.eu/nature-and-biodiversity/deforestation-regulation-implementation_en,extracted,45.0,146204,/mnt/data/_corpus_extracted/Batch 09/C_2025_2485_F1_ANNEX_EN_V3_P1_4056628.pdf,multi_filename_first_fallback,counted_in_v1.3
DOC-024,Batch 08,EUDR preparedness check CIV_EN.pdf,Cocoa Insight,,European Forest Institute (EFI),ORG-017,PDF,https://efi.int/,European Forest Institute. (n.d.). Cocoa Insight. https://efi.int/,extracted,15.0,34766,/mnt/data/_corpus_extracted/Batch 09/EUDR preparedness check CIV_EN.pdf,multi_filename_first_fallback,counted_in_v1.3
DOC-025,Batch 09,CELEX_32023R1115_EN_TXT.pdf,CELEX 32023R1115 EN TXT,2023.0,European Parlaiment and Council,ORG-018,PDF,https://eur-lex.europa.eu/eli/reg/2023/1115/oj,European Parliament and Council. (2023). CELEX 32023R1115 EN TXT. https://eur-lex.europa.eu/eli/reg/2023/1115/oj,extracted,42.0,177201,/mnt/data/_corpus_extracted/Batch 09/CELEX_32023R1115_EN_TXT.pdf,batch_file_exact,counted_in_v1.3
DOC-026,Batch 05,Farmforce - The 2026 Traceability Barometer.pdf,Farmforce The 2026 Traceability Barometer,2026.0,Farmforce,ORG-019,PDF,https://farmforce.com/,Farmforce. (2026). Farmforce The 2026 Traceability Barometer. https://farmforce.com/,extracted,24.0,23,/mnt/data/_corpus_extracted/Batch 05/Farmforce - The 2026 Traceability Barometer.pdf,batch_file_exact,counted_in_v1.3
DOC-027,Batch 09,DIASCA_Forest_Monitoring_Guidance1.pdf,DIASCA Forest Monitoring Guidance,,Forest Data Partnership,ORG-020,PDF,https://www.nachhaltige-agrarlieferketten.org/fileadmin/INA/diasca/DIASCA_Forest_Monitoring_Guidance1.pdf,Forest Data Partnership. (n.d.). DIASCA Forest Monitoring Guidance. https://www.nachhaltige-agrarlieferketten.org/fileadmin/INA/diasca/DIASCA_Forest_Monitoring_Guidance1.pdf,extracted,44.0,79797,/mnt/data/_corpus_extracted/Batch 09/DIASCA_Forest_Monitoring_Guidance1.pdf,batch_file_exact,counted_in_v1.3
DOC-028,Batch 09,RegModule_ExplanatoryMaterials.pdf,FSC Regulatory Module,,Forest Stewardship Council (FSC),ORG-021,PDF,https://static1.squarespace.com/static/65a5120f06652261eec4b6a4/t/66a9085c18ce6421fb8df54e/1722353757645/RegModule_ExplanatoryMaterials.pdf,Forest Stewardship Council. (n.d.). FSC Regulatory Module. https://static1.squarespace.com/static/65a5120f06652261eec4b6a4/t/66a9085c18ce6421fb8df54e/1722353757645/RegModule_ExplanatoryMaterials.pdf,extracted,17.0,36148,/mnt/data/_corpus_extracted/Batch 09/RegModule_ExplanatoryMaterials.pdf,batch_file_exact,counted_in_v1.3
DOC-029,Batch 09,01092021_FSC-STD-40-004_V3-1_EN_FINAL.pdf,01092021 FSC STD 40 004 V3 1 EN FINAL,2021.0,Forest Stewardship Council (FSC),ORG-021,PDF,https://open.fsc.org/handle/resource/302,Forest Stewardship Council. (2021). 01092021 FSC STD 40 004 V3 1 EN FINAL. https://open.fsc.org/handle/resource/302,extracted,52.0,128044,/mnt/data/_corpus_extracted/Batch 09/01092021_FSC-STD-40-004_V3-1_EN_FINAL.pdf,batch_file_exact,counted_in_v1.3
DOC-030,Batch 09,2024_Forest_500_FI_Assessment_Methodology.pdf,Assessment methodology,2024.0,Global Canopy,ORG-022,PDF,https://forest500.org/publications/assessment-methodology-2024/,Global Canopy. (2024). Assessment methodology. https://forest500.org/publications/assessment-methodology-2024/,extracted,53.0,82128,/mnt/data/_corpus_extracted/Batch 09/2024_Forest_500_FI_Assessment_Methodology.pdf,batch_file_exact,counted_in_v1.3
DOC-031,Batch 06,Forest500_Report_2025.pdf,Forest 500 Report,2025.0,Global Canopy,ORG-022,PDF,https://forest500.org/wp-content/uploads/2025/04/Forest500_Report_2025.pdf,Global Canopy. (2025). Forest 500 Report. https://forest500.org/wp-content/uploads/2025/04/Forest500_Report_2025.pdf,extracted,31.0,95280,/mnt/data/_corpus_extracted/Batch 06/Forest500_Report_2025.pdf,batch_file_exact,counted_in_v1.3
DOC-032,,,EUDR Guidance and Recommendations,2024.0,Global Coffee Platform (GCP),ORG-023,PDF,https://www.globalcoffeeplatform.org/eudr-guidance-and-recommendations/,Global Coffee Platform. (2024). EUDR Guidance and Recommendations. https://www.globalcoffeeplatform.org/eudr-guidance-and-recommendations/,not_extracted,,0,,pdftotext_remaining,not_counted_no_extracted_text_or_no_file
DOC-033,Batch 08,EM_2.0_EN-1.pdf,"EQUIVALENCE  MECHANISM, Ensuring schemes meet the Coffee Sustainability Reference Code",,Global Coffee Platform (GCP),ORG-023,PDF,https://www.globalcoffeeplatform.org/,"Global Coffee Platform. (n.d.). EQUIVALENCE  MECHANISM, Ensuring schemes meet the Coffee Sustainability Reference Code. https://www.globalcoffeeplatform.org/",extracted,32.0,65047,/mnt/data/_corpus_extracted/Batch 09/EM_2.0_EN-1.pdf,multi_filename_first_fallback,counted_in_v1.3
DOC-034,Converted Sources,DOC-029_GPSNR_Reporting_Requirements_2024.pdf,GPSNR Reporting Requirements (converted from Excel),2024.0,Global Platform for Sustainable Natural Rubber (GPSNR),ORG-024,PDF - converted source,https://sustainablenaturalrubber.org/gpsnr-reporting-requirements/,Global Platform for Sustainable Natural Rubber. (2024). GPSNR Reporting Requirements (converted from Excel). https://sustainablenaturalrubber.org/gpsnr-reporting-requirements/,extracted,181.0,112387,/mnt/data/DOC-029_GPSNR_Reporting_Requirements_2024.pdf,root_file,counted_in_v1.3
DOC-035,Batch 09,Google Cloud NGIS Tracemark 2023.pdf,TraceMark sustainable sourcing monitoring runs on Google Cloud,2023.0,Google and NGIS,ORG-025,PDF,https://cloud.google.com/blog/products/data-analytics/sustainable-supply-chains-start-with-a-data-sharing-ecosystem,Google and NGIS. (2023). TraceMark sustainable sourcing monitoring runs on Google Cloud. https://cloud.google.com/blog/products/data-analytics/sustainable-supply-chains-start-with-a-data-sharing-ecosystem,extracted,5.0,9746,/mnt/data/_corpus_extracted/Batch 09/Google Cloud NGIS Tracemark 2023.pdf,batch_file_exact,counted_in_v1.3
DOC-036,Batch 09,Guia-Cumprimento-Protocolo-de-Monitoramento.pdf,PROTOCOLO DE MONITORAMENTO DE FORNECEDORES DE GADO DA AMAZÔNIA,,Government of Brazil,ORG-026,PDF,https://www.gov.br/,Government of Brazil. (n.d.). PROTOCOLO DE MONITORAMENTO DE FORNECEDORES DE GADO DA AMAZÔNIA. https://www.gov.br/,extracted,13.0,26541,/mnt/data/_corpus_extracted/Batch 09/Guia-Cumprimento-Protocolo-de-Monitoramento.pdf,batch_file_exact,counted_in_v1.3
DOC-037,Batch 07,HCSA-Toolkit-v2.0-Module-4-Forest-and-vegetation-stratification-1.pdf,"Law No. 12,651 (Forest Code / Native Vegetation Protection Law)",2012.0,Government of Brazil,ORG-026,PDF,https://www.planalto.gov.br/ccivil_03/_ato2011-2014/2012/lei/l12651.htm,"Government of Brazil. (2012). Law No. 12,651 (Forest Code / Native Vegetation Protection Law). https://www.planalto.gov.br/ccivil_03/_ato2011-2014/2012/lei/l12651.htm",extracted,44.0,94168,/mnt/data/_corpus_extracted/Batch 07/HCSA-Toolkit-v2.0-Module-4-Forest-and-vegetation-stratification-1.pdf,batch_file_exact,counted_in_v1.3
DOC-038,Batch 07,Corporate-Value-Chain-Accounting-Reporing-Standard_041613_2.pdf,Corporate Value Chain (Scope 3) Standard,2011.0,Greenhouse Gas Protocol (GHG-P),ORG-027,PDF,https://ghgprotocol.org/corporate-value-chain-scope-3-standard,Greenhouse Gas Protocol. (2011). Corporate Value Chain (Scope 3) Standard. https://ghgprotocol.org/corporate-value-chain-scope-3-standard,extracted,152.0,368927,/mnt/data/_corpus_extracted/Batch 07/Corporate-Value-Chain-Accounting-Reporing-Standard_041613_2.pdf,batch_file_exact,counted_in_v1.3
DOC-039,Batch 06,Land-Sector-and-Removals-Standard.pdf,Land Sector and Removals Guidance,2026.0,Greenhouse Gas Protocol (GHG-P),ORG-027,PDF,https://ghgprotocol.org/land-sector-and-removals-guidance,Greenhouse Gas Protocol. (2026). Land Sector and Removals Guidance. https://ghgprotocol.org/land-sector-and-removals-guidance,extracted,133.0,309662,/mnt/data/_corpus_extracted/Batch 06/Land-Sector-and-Removals-Standard.pdf,batch_file_exact,counted_in_v1.3
DOC-040,Batch 07,HCSA-Toolkit-v2.0-Module-6-Issues-under-development-1.pdf,Scope 3 Standard Development Plan,2024.0,Greenhouse Gas Protocol (GHG-P),ORG-027,PDF,https://ghgprotocol.org/sites/default/files/2025-01/S3-SDP-20241220.pdf,Greenhouse Gas Protocol. (2024). Scope 3 Standard Development Plan. https://ghgprotocol.org/sites/default/files/2025-01/S3-SDP-20241220.pdf,extracted,24.0,52036,/mnt/data/_corpus_extracted/Batch 07/HCSA-Toolkit-v2.0-Module-6-Issues-under-development-1.pdf,batch_file_exact,counted_in_v1.3
DOC-041,Batch 09,Land-Sector-and-Removals-Standard-Executive-Summary.pdf,Land Sector and Removals Standard Executive Summary,,Greenhouse Gas Protocol (GHG-P),ORG-027,PDF,High Carbon Value (HCV) Network,Greenhouse Gas Protocol. (n.d.). Land Sector and Removals Standard Executive Summary. High Carbon Value (HCV) Network,extracted,17.0,40419,/mnt/data/_corpus_extracted/Batch 09/Land-Sector-and-Removals-Standard-Executive-Summary.pdf,batch_file_exact,counted_in_v1.3
DOC-042,Batch 09,Project Overview_25 July 2024.pdf,"Greenhouse Gas Protocol - Land Sector and Removals Initiative, Project Overview",2024.0,Greenhouse Gas Protocol (GHG-P),ORG-027,PDF,IDH – The Sustainable Trade Initiative,"Greenhouse Gas Protocol. (2024). Greenhouse Gas Protocol - Land Sector and Removals Initiative, Project Overview. IDH – The Sustainable Trade Initiative",extracted,16.0,35654,/mnt/data/_corpus_extracted/Batch 09/Project Overview_25 July 2024.pdf,batch_file_exact,counted_in_v1.3
DOC-043,Converted Sources,DOC-030_GTFI_Boas_Praticas_Fornecedores_Indiretos_2019.pdf,Boas Práticas para monitoramento de fornecedores indiretos (converted to PDF from Website),2019.0,Grupo de Trabalho de Fornecedores Indiretos (GTFI),ORG-028,PDF - converted source,https://gtfi.org.br/boas-praticas/,Grupo de Trabalho de Fornecedores Indiretos. (2019). Boas Práticas para monitoramento de fornecedores indiretos (converted to PDF from Website). https://gtfi.org.br/boas-praticas/,extracted,8.0,6138,/mnt/data/DOC-030_GTFI_Boas_Praticas_Fornecedores_Indiretos_2019.pdf,root_file,counted_in_v1.3
DOC-044,Batch 08,AFi Operational Guidance - Monitoring & Verification (2020-05).pdf,Common Guidance for the Identification of HCV,2013.0,High Carbon Value (HCV) Network,ORG-029,PDF,https://www.hcvnetwork.org/library/common-guidance-for-the-identification-of-hcv-english-indonesian-french-portuguese,High Conservation Value Network. (2013). Common Guidance for the Identification of HCV. https://www.hcvnetwork.org/library/common-guidance-for-the-identification-of-hcv-english-indonesian-french-portuguese,extracted,56.0,112139,/mnt/data/_corpus_extracted/Batch 08/AFi Operational Guidance - Monitoring & Verification (2020-05).pdf,batch_file_exact,counted_in_v1.3
DOC-045,Batch 08,AFi Operational Guidance - Supply Chain Management (2020-05).pdf,Common Guidance for the Management & Monitoring of HCV,2022.0,High Carbon Value (HCV) Network,ORG-029,PDF,https://global-uploads.webflow.com/624493bb51507d22cf218d50/6286866d8bbf4719b4e1d5af_HCV_Mgmt_Monitoring_final_english.pdf,High Conservation Value Network. (2022). Common Guidance for the Management & Monitoring of HCV. https://global-uploads.webflow.com/624493bb51507d22cf218d50/6286866d8bbf4719b4e1d5af_HCV_Mgmt_Monitoring_final_english.pdf,extracted,35.0,65429,/mnt/data/_corpus_extracted/Batch 08/AFi Operational Guidance - Supply Chain Management (2020-05).pdf,batch_file_exact,counted_in_v1.3
DOC-046,Batch 05,HCSA-Toolkit-v2.0-Module-5-HCS-Forest-Patch-Analysis-Protection-1.pdf,HCSA Toolkit v2.0 Module 5 HCS Forest Patch Analysis Protection 1,,High Carbon Value (HCV) Network,ORG-029,PDF,https://www.hcvnetwork.org/library,High Conservation Value Network. (n.d.). HCSA Toolkit v2.0 Module 5 HCS Forest Patch Analysis Protection 1. https://www.hcvnetwork.org/library,extracted,48.0,117773,/mnt/data/_corpus_extracted/Batch 05/HCSA-Toolkit-v2.0-Module-5-HCS-Forest-Patch-Analysis-Protection-1.pdf,batch_file_exact,counted_in_v1.3
DOC-047,Batch 07,HCSA-Toolkit-v2.0-Module-7-Assuring-quality-of-HCS-assessments-1.pdf,HCSA Toolkit v2.0 Module 7 Assuring quality of HCS assessments 1,,High Carbon Value (HCV) Network,ORG-029,PDF,https://www.hcvnetwork.org/library,High Conservation Value Network. (n.d.). HCSA Toolkit v2.0 Module 7 Assuring quality of HCS assessments 1. https://www.hcvnetwork.org/library,extracted,12.0,18185,/mnt/data/_corpus_extracted/Batch 07/HCSA-Toolkit-v2.0-Module-7-Assuring-quality-of-HCS-assessments-1.pdf,batch_file_exact,counted_in_v1.3
DOC-048,Batch 08,6286878c1de2255dee34ecfc_HCVCommonGuide_English-07-17-web.pdf,HCVCommonGuide English 07 17 web,,High Carbon Value (HCV) Network,ORG-029,PDF,https://global-uploads.webflow.com/624493bb51507d22cf218d50/6286878c1de2255dee34ecfc_HCVCommonGuide_English-07-17-web.pdf,High Conservation Value Network. (n.d.). HCVCommonGuide English 07 17 web. https://global-uploads.webflow.com/624493bb51507d22cf218d50/6286878c1de2255dee34ecfc_HCVCommonGuide_English-07-17-web.pdf,extracted,74.0,174384,/mnt/data/_corpus_extracted/Batch 08/6286878c1de2255dee34ecfc_HCVCommonGuide_English-07-17-web.pdf,batch_file_exact,counted_in_v1.3
DOC-049,Batch 05,SourceUp-Manual-14.6-web.pdf,Compact Manual,2021.0,IDH The Sustainable Trade Initiative,ORG-030,PDF,https://jaresourcehub.org/wp-content/uploads/2021/12/SourceUp-Manual-14.6-web.pdf,"IDH, The Sustainable Trade Initiative. (2021). Compact Manual. https://jaresourcehub.org/wp-content/uploads/2021/12/SourceUp-Manual-14.6-web.pdf",extracted,63.0,77850,/mnt/data/_corpus_extracted/Batch 05/SourceUp-Manual-14.6-web.pdf,batch_file_exact,counted_in_v1.3
DOC-050,Batch 09,VSA-Public-Concept-Note_22August2019.pdf,Verified Sourcing Areas: Public Concept Note,2019.0,IDH The Sustainable Trade Initiative,ORG-030,PDF,https://www.idhsustainabletrade.com/uploaded/2018/08/VSA-Public-Concept-Note_22August2019.pdf,"IDH, The Sustainable Trade Initiative. (2019). Verified Sourcing Areas: Public Concept Note. https://www.idhsustainabletrade.com/uploaded/2018/08/VSA-Public-Concept-Note_22August2019.pdf",extracted,3.0,5888,/mnt/data/_corpus_extracted/Batch 09/VSA-Public-Concept-Note_22August2019.pdf,batch_file_exact,counted_in_v1.3
DOC-051,Batch 09,Getting started guide_ introduction to an ecosystem approach.pdf,"Production, Protection & Inclusion (PPI) approach",2017.0,IDH The Sustainable Trade Initiative,ORG-030,PDF,https://www.idhsustainabletrade.com/approach/production-protection/,"IDH, The Sustainable Trade Initiative. (2017). Production, Protection & Inclusion (PPI) approach. https://www.idhsustainabletrade.com/approach/production-protection/",extracted,8.0,17268,/mnt/data/_corpus_extracted/Batch 09/Getting started guide_ introduction to an ecosystem approach.pdf,batch_file_exact,counted_in_v1.3
DOC-052,Batch 05,Mato-Grosso-State-Pci-Compact_SourceUp-Snapshot.pdf,Mato Grosso State Pci Compact SourceUp Snapshot,,IDH The Sustainable Trade Initiative,ORG-030,PDF,https://www.idhsustainabletrade.com/,"IDH, The Sustainable Trade Initiative. (n.d.). Mato Grosso State Pci Compact SourceUp Snapshot. https://www.idhsustainabletrade.com/",extracted,1.0,2983,/mnt/data/_corpus_extracted/Batch 05/Mato-Grosso-State-Pci-Compact_SourceUp-Snapshot.pdf,batch_file_exact,counted_in_v1.3
DOC-053,Batch 06,HCSA-Toolkit-v2.0-Module-1-Introduction.pdf,HCSA Toolkit v2.0 Module 1 Introduction,,IDH The Sustainable Trade Initiative,ORG-030,PDF,https://www.idhsustainabletrade.com/,"IDH, The Sustainable Trade Initiative. (n.d.). HCSA Toolkit v2.0 Module 1 Introduction. https://www.idhsustainabletrade.com/",extracted,28.0,47664,/mnt/data/_corpus_extracted/Batch 06/HCSA-Toolkit-v2.0-Module-1-Introduction.pdf,batch_file_exact,counted_in_v1.3
DOC-054,Batch 04,Aceh-Landscape_SourceUp-Snapshot.pdf,Initiative Snapshot,,IDH The Sustainable Trade Initiative,ORG-030,PDF,https://www.idhsustainabletrade.com/,"IDH, The Sustainable Trade Initiative. (n.d.). Initiative Snapshot. https://www.idhsustainabletrade.com/",extracted,1.0,1562,/mnt/data/_corpus_extracted/Batch 09/Aceh-Landscape_SourceUp-Snapshot.pdf,multi_filename_first_fallback,counted_in_v1.3
DOC-055,Batch 07,Building-A-Jurisdictional-Approach-To-Climate-Smart-Re.pdf,Initiative Snapshot,,IDH The Sustainable Trade Initiative,ORG-030,PDF,https://www.sourceup.org/initiatives/building-a-jurisdictional-approach-to-climate-smart-resilient-agricultural-landscapes-in-tocantins-brazil,"IDH, The Sustainable Trade Initiative. (n.d.). Initiative Snapshot. https://www.sourceup.org/initiatives/building-a-jurisdictional-approach-to-climate-smart-resilient-agricultural-landscapes-in-tocantins-brazil",extracted,1.0,2265,/mnt/data/_corpus_extracted/Batch 07/Building-A-Jurisdictional-Approach-To-Climate-Smart-Re.pdf,batch_file_exact,counted_in_v1.3
DOC-056,Batch 02,Soja-sem-desmatamento-nas-entrelinhas-versao-online_w5111908.pdf,Soja sem desmatamento nas entrelinhas: Um guia para transparência. Soja na Linha,2022.0,IMAFLORA (Instituto de Manejo e Certificação Florestal e Agrícola),ORG-031,PDF,Alternative PDF URL: https://www.sojanalinha.org/wp-content/uploads/2024/07/Soja-sem-desmatamento-nas-entrelinhas-versao-online_w5111908.pdf,Instituto de Manejo e Certificação Florestal e Agrícola. (2022). Soja sem desmatamento nas entrelinhas: Um guia para transparência. Soja na Linha. Alternative PDF URL: https://www.sojanalinha.org/wp-content/uploads/2024/07/Soja-sem-desmatamento-nas-entrelinhas-versao-online_w5111908.pdf,extracted,20.0,29506,/mnt/data/Soja-sem-desmatamento-nas-entrelinhas-versao-online_w5111908.pdf,root_file,counted_in_v1.3
DOC-057,Batch 09,Diagramacao-Guia-Cadeira-de-Valor-da-Soja-w5104633-PT_ALT4.pdf,Guia para a cadeia de valor da soja: Interpretando os relatórios de progresso de traders para compras livres de desmatamento e de conversão. Soja na Linha,2022.0,IMAFLORA (Instituto de Manejo e Certificação Florestal e Agrícola),ORG-031,PDF,https://www.sojanalinha.org/wp-content/uploads/2024/07/Soja-sem-desmatamento-nas-entrelinhas-versao-online_w5111908.pdf,Instituto de Manejo e Certificação Florestal e Agrícola. (2022). Guia para a cadeia de valor da soja: Interpretando os relatórios de progresso de traders para compras livres de desmatamento e de conversão. Soja na Linha. https://www.sojanalinha.org/wp-content/uploads/2024/07/Soja-sem-desmatamento-nas-entrelinhas-versao-online_w5111908.pdf,extracted,19.0,34062,/mnt/data/_corpus_extracted/Batch 09/Diagramacao-Guia-Cadeira-de-Valor-da-Soja-w5104633-PT_ALT4.pdf,batch_file_exact,counted_in_v1.3
DOC-058,Batch 08,criterios--minimos-de-monitoramento-de-produtos-livres-de-desmatamento-e-conversao_dc.pdf,Protocolo de monitoramento de fornecedores de gado na Amazônia,2024.0,IMAFLORA (Instituto de Manejo e Certificação Florestal e Agrícola),ORG-031,PDF,https://www.boinalinha.org/wp-content/uploads/2025/03/Protocolo-Monitoramento-Gado-2ponto0-w5111720-ALT22-WEB.pdf,Instituto de Manejo e Certificação Florestal e Agrícola. (2024). Protocolo de monitoramento de fornecedores de gado na Amazônia. https://www.boinalinha.org/wp-content/uploads/2025/03/Protocolo-Monitoramento-Gado-2ponto0-w5111720-ALT22-WEB.pdf,extracted,9.0,19597,/mnt/data/_corpus_extracted/Batch 08/criterios--minimos-de-monitoramento-de-produtos-livres-de-desmatamento-e-conversao_dc.pdf,batch_file_exact,counted_in_v1.3
DOC-059,Batch 09,Minimum Criteria Booklet SOY - ENG.pdf,Minimum Criteria Booklet SOY ENG,,IMAFLORA (Instituto de Manejo e Certificação Florestal e Agrícola),ORG-031,PDF,https://www.imaflora.org/,Instituto de Manejo e Certificação Florestal e Agrícola. (n.d.). Minimum Criteria Booklet SOY ENG. https://www.imaflora.org/,extracted,9.0,17637,/mnt/data/_corpus_extracted/Batch 08/Minimum Criteria Booklet SOY - ENG.pdf,multi_filename_first_fallback,counted_in_v1.3
DOC-060,Batch 09,Minimum Criteria Booklet-CATTLE- ENG.pdf,Minimum Criteria Booklet CATTLE ENG,,IMAFLORA (Instituto de Manejo e Certificação Florestal e Agrícola),ORG-031,PDF,https://www.imaflora.org/,Instituto de Manejo e Certificação Florestal e Agrícola. (n.d.). Minimum Criteria Booklet CATTLE ENG. https://www.imaflora.org/,extracted,9.0,17738,/mnt/data/_corpus_extracted/Batch 09/Minimum Criteria Booklet-CATTLE- ENG.pdf,batch_file_exact,counted_in_v1.3
DOC-061,Batch 09,22190_attach_1.pdf,London Cocoa Grading & Warehouse keeping Procedures,2024.0,"Intercontinental Exchange, Inc. (ICE)",ORG-032,PDF,https://www.ice.com/publicdocs/circulars/22190_attach_1.pdf,"Intercontinental Exchange, Inc.. (2024). London Cocoa Grading & Warehouse keeping Procedures. https://www.ice.com/publicdocs/circulars/22190_attach_1.pdf",extracted,77.0,232624,/mnt/data/_corpus_extracted/Batch 09/22190_attach_1.pdf,batch_file_exact,counted_in_v1.3
DOC-062,Batch 09,24183_attach.pdf,Robusta Coffee Grading & Warehouse keeping Procedures,2024.0,"Intercontinental Exchange, Inc. (ICE)",ORG-032,PDF,https://www.ice.com/publicdocs/circulars/24183_attach.pdf,"Intercontinental Exchange, Inc.. (2024). Robusta Coffee Grading & Warehouse keeping Procedures. https://www.ice.com/publicdocs/circulars/24183_attach.pdf",extracted,81.0,264668,/mnt/data/_corpus_extracted/Batch 09/24183_attach.pdf,batch_file_exact,counted_in_v1.3
DOC-063,Batch 06,Collection of polygon data.pdf,Guidance on the collection of polygon location data,,iSEAL,ORG-033,PDF,https://www.isealalliance.org/get-involved/resources/guidance-collection-polygon-location-data,ISEAL. (n.d.). Guidance on the collection of polygon location data. https://www.isealalliance.org/get-involved/resources/guidance-collection-polygon-location-data,extracted,47.0,132987,/mnt/data/_corpus_extracted/Batch 06/Collection of polygon data.pdf,batch_file_exact,counted_in_v1.3
DOC-064,Batch 09,Whitepaper - How to connect LCA with Chain of Custody.pdf,Code of Good Practice for Sustainability Systems,2024.0,iSEAL,ORG-033,PDF,https://www.isealalliance.org/what-we-do/credible-practice/iseal-code-good-practice-sustainability-systems,ISEAL. (2024). Code of Good Practice for Sustainability Systems. https://www.isealalliance.org/what-we-do/credible-practice/iseal-code-good-practice-sustainability-systems,extracted,11.0,25393,/mnt/data/_corpus_extracted/Batch 09/Whitepaper - How to connect LCA with Chain of Custody.pdf,batch_file_exact,counted_in_v1.3
DOC-065,Batch 04,ISEAL Code v1_1_ PDF.pdf,ISEAL Code v1 1 PDF,,iSEAL,ORG-033,PDF,https://isealalliance.org/get-involved/resources,ISEAL. (n.d.). ISEAL Code v1 1 PDF. https://isealalliance.org/get-involved/resources,extracted,57.0,117814,/mnt/data/_corpus_extracted/Batch 04/ISEAL Code v1_1_ PDF.pdf,batch_file_exact,counted_in_v1.3
DOC-066,Batch 08,Chain of Custody Models and Definitions v2 (2025).pdf,Chain of Custody Models and Definitions v2 (2025),2025.0,iSEAL,ORG-033,PDF,https://isealalliance.org/get-involved/resources/iseal-guidance-chain-custody-models-and-definitions,ISEAL. (2025). Chain of Custody Models and Definitions v2 (2025). https://isealalliance.org/get-involved/resources/iseal-guidance-chain-custody-models-and-definitions,extracted,35.0,76322,/mnt/data/_corpus_extracted/Batch 04/Chain of Custody Models and Definitions v2 (2025).pdf,multi_filename_first_fallback,counted_in_v1.3
DOC-067,Batch 09,Making-Credible-Jurisdictional-Claims-Good-Practice-Guide-v1_1.pdf,Making Credible Jurisdictional Claims Good Practice Guide v1 1,,iSEAL,ORG-033,PDF,https://isealalliance.org/get-involved/resources/making-credible-jurisdictional-claims-good-practice-guide-v11-2022,ISEAL. (n.d.). Making Credible Jurisdictional Claims Good Practice Guide v1 1. https://isealalliance.org/get-involved/resources/making-credible-jurisdictional-claims-good-practice-guide-v11-2022,extracted,20.0,66730,/mnt/data/_corpus_extracted/Batch 08/Making-Credible-Jurisdictional-Claims-Good-Practice-Guide-v1_1.pdf,multi_filename_first_fallback,counted_in_v1.3
DOC-068,Batch 09,LDC-DCF-Methodology_FINAL.pdf,LDC DCF Methodology FINAL,,Louis Dreyfus Company (LDC),ORG-034,PDF,https://www.ldc.com/wp-content/uploads/LDC-DCF-Methodology_FINAL.pdf,Louis Dreyfus Company. (n.d.). LDC DCF Methodology FINAL. https://www.ldc.com/wp-content/uploads/LDC-DCF-Methodology_FINAL.pdf,extracted,8.0,21267,/mnt/data/_corpus_extracted/Batch 09/LDC-DCF-Methodology_FINAL.pdf,batch_file_exact,counted_in_v1.3
DOC-069,Batch 06,Meridia Verify Supply Shed Modelling Guide v1.pdf,Meridia Verify Supply Shed Modelling Guide v1,,Meridia.Land,ORG-035,PDF,https://www.meridia.land/downloads,Meridia. (n.d.). Meridia Verify Supply Shed Modelling Guide v1. https://www.meridia.land/downloads,extracted,10.0,9356,/mnt/data/_corpus_extracted/Batch 06/Meridia Verify Supply Shed Modelling Guide v1.pdf,batch_file_exact,counted_in_v1.3
DOC-070,Batch 08,678a3f100f51c39f8a90dda6_Meridia Farm Mapping Guide.pdf,Meridia Farm Mapping Guide,,Meridia.Land,ORG-035,PDF,https://www.meridia.land/downloads/farm-mapping-guide,Meridia. (n.d.). Meridia Farm Mapping Guide. https://www.meridia.land/downloads/farm-mapping-guide,extracted,36.0,41661,/mnt/data/_corpus_extracted/Batch 08/678a3f100f51c39f8a90dda6_Meridia Farm Mapping Guide.pdf,batch_file_exact,counted_in_v1.3
DOC-071,Batch 09,Operationalising DCF - Methodology and product v1.pdf,Operationalising DCF monitoring with Verify,,Meridia.Land,ORG-035,PDF,https://www.meridia.land/downloads,Meridia. (n.d.). Operationalising DCF monitoring with Verify. https://www.meridia.land/downloads,extracted,14.0,13574,/mnt/data/_corpus_extracted/Batch 05/Operationalising DCF - Methodology and product v1.pdf,multi_filename_first_fallback,counted_in_v1.3
DOC-072,Batch 09,Cooperatives and the state of field data quality for EUDR compliance.pdf,Cooperatives and the state of field data quality for EUDR compliance: Results of the Cavally Cocoa Farm Data Study (September 2022/November 2023),2024.0,"Meridia.Land,  RaboFoundation",ORG-047; ORG-035,PDF,https://media.rabobank.com/m/6bcb9f27bf2b1b48/original/Cooperatives-and-the-state-of-field-data-quality-for-EUDR-compliance.pdf,Rabo Foundation & Meridia. (2024). Cooperatives and the state of field data quality for EUDR compliance: Results of the Cavally Cocoa Farm Data Study (September 2022/November 2023). https://media.rabobank.com/m/6bcb9f27bf2b1b48/original/Cooperatives-and-the-state-of-field-data-quality-for-EUDR-compliance.pdf,extracted,4.0,10000,/mnt/data/_corpus_extracted/Batch 09/Cooperatives and the state of field data quality for EUDR compliance.pdf,batch_file_exact,counted_in_v1.3
DOC-073,Batch 09,Visipec_Executive-Summary_English.pdf,VISIPEC: Executive Summary,2020.0,National Wildlife Federation (NWF),ORG-036,PDF,https://visipec.com/wp-content/uploads/2020/10/Visipec_Executive-Summary_English.pdf,National Wildlife Federation. (2020). VISIPEC: Executive Summary. https://visipec.com/wp-content/uploads/2020/10/Visipec_Executive-Summary_English.pdf,extracted,2.0,4786,/mnt/data/_corpus_extracted/Batch 09/Visipec_Executive-Summary_English.pdf,batch_file_exact,counted_in_v1.3
DOC-074,Batch 09,ndpe_irf_03_guidance.pdf,Guidance for refineries and other first aggregators: Using the IRF no-deforestation and no-peat template. NDPE Implementation Reporting Framework,2019.0,NDPE Implementation Reporting Framework,ORG-037,PDF,https://www.ndpe-irf.net/technical,NDPE Implementation Reporting Framework. (2019). Guidance for refineries and other first aggregators: Using the IRF no-deforestation and no-peat template. NDPE Implementation Reporting Framework. https://www.ndpe-irf.net/technical,extracted,12.0,28286,/mnt/data/_corpus_extracted/Batch 09/ndpe_irf_03_guidance.pdf,batch_file_exact,counted_in_v1.3
DOC-075,Batch 07,NEPCon-SOY-Argentinal-Risk-Assessment-EN-V2.pdf,NEPCon SOY Argentinal Risk Assessment EN V2,,NEPCON,ORG-044,PDF,https://preferredbynature.org/,Preferred by Nature. (n.d.). NEPCon SOY Argentinal Risk Assessment EN V2. https://preferredbynature.org/,extracted,127.0,314661,/mnt/data/_corpus_extracted/Batch 07/NEPCon-SOY-Argentinal-Risk-Assessment-EN-V2.pdf,batch_file_exact,counted_in_v1.3
DOC-076,Batch 07,AtSource_DFC_UserGuide_v2.pdf,Digital Footprint Calculator user guide: Estimating environmental impacts of Olam products. Powered by Quantis,,Olam International Group ,ORG-039,PDF,https://footprint.atsource.io/assets/data/AtSource_DFC_UserGuide_v2.pdf,Olam Group. (n.d.). Digital Footprint Calculator user guide: Estimating environmental impacts of Olam products. Powered by Quantis. https://footprint.atsource.io/assets/data/AtSource_DFC_UserGuide_v2.pdf,extracted,44.0,24801,/mnt/data/_corpus_extracted/Batch 07/AtSource_DFC_UserGuide_v2.pdf,batch_file_exact,counted_in_v1.3
DOC-077,Batch 05,Orbify EUDR Guide 2024.pdf,A comprehensive EUDR Guide,2024.0,Orbify,ORG-040,PDF,https://info.orbify.com/eudr-guide,Orbify. (2024). A comprehensive EUDR Guide. https://info.orbify.com/eudr-guide,extracted,24.0,16107,/mnt/data/_corpus_extracted/Batch 05/Orbify EUDR Guide 2024.pdf,batch_file_exact,counted_in_v1.3
DOC-078,Batch 09,TAD-CA(2020)3-FINAL.en.pdf,OECD-FAO Guidance for Responsible Agricultural Supply Chains,2020.0,"Organisation for Economic Co-operation and Development (OECD), UN Food and Agriculture Organization (FAO)",ORG-041; ORG-059,PDF,https://one.oecd.org/document/TAD/CA(2020)3/FINAL/en/pdf,Organisation for Economic Co-operation and Development & Food and Agriculture Organization of the United Nations. (2020). OECD-FAO Guidance for Responsible Agricultural Supply Chains. https://one.oecd.org/document/TAD/CA(2020)3/FINAL/en/pdf,extracted,8.0,23336,/mnt/data/_corpus_extracted/Batch 09/TAD-CA(2020)3-FINAL.en.pdf,batch_file_exact,counted_in_v1.3
DOC-080,Batch 03,P4F-Learning-About-Cocoa-Landscape-Approaches-Online.pdf,P4F Learning About Cocoa Landscape Approaches Online,,Partnerships for Forests,ORG-043,PDF,https://partnershipsforforests.com/wp-content/uploads/2020/12/Learning-About-Cocoa-Landscape-Approaches-Online.pdf,Partnerships for Forests. (n.d.). P4F Learning About Cocoa Landscape Approaches Online. https://partnershipsforforests.com/wp-content/uploads/2020/12/Learning-About-Cocoa-Landscape-Approaches-Online.pdf,extracted,74.0,239511,/mnt/data/_corpus_extracted/Batch 03/P4F-Learning-About-Cocoa-Landscape-Approaches-Online.pdf,batch_file_exact,counted_in_v1.3
DOC-081,Converted Sources,DOC-050_Preferred_by_Nature_Risk_Assessment_Methodology_2017.pdf,Preferred by Nature Risk Assessment Methodology (converted to PDF from Website),2017.0,Preferred by Nature,ORG-044,PDF - converted source,https://sourcinghub.preferredbynature.org/RiskAssessmentmethodology,Preferred by Nature. (2017). Preferred by Nature Risk Assessment Methodology (converted to PDF from Website). https://sourcinghub.preferredbynature.org/RiskAssessmentmethodology,extracted,4.0,7933,/mnt/data/DOC-050_Preferred_by_Nature_Risk_Assessment_Methodology_2017.pdf,root_file,counted_in_v1.3
DOC-082,Batch 08,Satelligence FLRI whitepaper.pdf,Due Diligence Toolkit,2025.0,Preferred by Nature,ORG-044,PDF,https://www.preferredbynature.org/preferred-by-nature-due-diligence-toolkit,Preferred by Nature. (2025). Due Diligence Toolkit. https://www.preferredbynature.org/preferred-by-nature-due-diligence-toolkit,extracted,22.0,23818,/mnt/data/_corpus_extracted/Batch 08/Satelligence FLRI whitepaper.pdf,batch_file_exact,counted_in_v1.3
DOC-083,Batch 08,DD-07+Supply+Chain+Mapping+Guide+v1.1.pdf,DD 07 Supply Chain Mapping Guide v1.1,,Preferred By Nature,ORG-044,PDF,https://www.preferredbynature.org/library,Preferred by Nature. (n.d.). DD 07 Supply Chain Mapping Guide v1.1. https://www.preferredbynature.org/library,extracted,23.0,51916,/mnt/data/_corpus_extracted/Batch 08/DD-07+Supply+Chain+Mapping+Guide+v1.1.pdf,batch_file_exact,counted_in_v1.3
DOC-084,Batch 08,DD-10+Supply+Chain+Risk+Analysis+Guide+v1.pdf,DD 10 Supply Chain Risk Analysis Guide v1,,Preferred By Nature,ORG-044,PDF,https://www.preferredbynature.org/library,Preferred by Nature. (n.d.). DD 10 Supply Chain Risk Analysis Guide v1. https://www.preferredbynature.org/library,extracted,45.0,131003,/mnt/data/_corpus_extracted/Batch 08/DD-10+Supply+Chain+Risk+Analysis+Guide+v1.pdf,batch_file_exact,counted_in_v1.3
DOC-085,Batch 08,DD-14+Deforestation+Risk+Assessment+Guide.pdf,DD 14 Deforestation Risk Assessment Guide,,Preferred By Nature,ORG-044,PDF,https://www.preferredbynature.org/library,Preferred by Nature. (n.d.). DD 14 Deforestation Risk Assessment Guide. https://www.preferredbynature.org/library,extracted,37.0,87503,/mnt/data/_corpus_extracted/Batch 08/DD-14+Deforestation+Risk+Assessment+Guide.pdf,batch_file_exact,counted_in_v1.3
DOC-086,Batch 08,DD-16+Digital+Tools+for+Responsible+Sourc.pdf,DD 16 Digital Tools for Responsible Sourc,,Preferred By Nature,ORG-044,PDF,https://www.preferredbynature.org/library,Preferred by Nature. (n.d.). DD 16 Digital Tools for Responsible Sourc. https://www.preferredbynature.org/library,extracted,28.0,65068,/mnt/data/_corpus_extracted/Batch 08/DD-16+Digital+Tools+for+Responsible+Sourc.pdf,batch_file_exact,counted_in_v1.3
DOC-087,Batch 09,6187e246c438f3973bf4a4cc_BN01_English_ImplementationPlan_V1.1_25Aug.pdf,"Assessing and planning the implementation of soy sourcing commitments (Soy Toolkit Briefing Note 01, Version 1.1)",2019.0,Proforest,ORG-045,PDF,https://assets-global.website-files.com/6162e71977132b31cd3ed4f1/6187e246c438f3973bf4a4cc_BN01_English_ImplementationPlan_V1.1_25Aug.pdf,"Proforest. (2019). Assessing and planning the implementation of soy sourcing commitments (Soy Toolkit Briefing Note 01, Version 1.1). https://assets-global.website-files.com/6162e71977132b31cd3ed4f1/6187e246c438f3973bf4a4cc_BN01_English_ImplementationPlan_V1.1_25Aug.pdf",extracted,12.0,23639,/mnt/data/_corpus_extracted/Batch 09/6187e246c438f3973bf4a4cc_BN01_English_ImplementationPlan_V1.1_25Aug.pdf,batch_file_exact,counted_in_v1.3
DOC-088,Batch 08,DDD_Reference_cocoa_2022.pdf,EU Regulation on Deforestation-Free Products: Reference Document for Cocoa Producers and Importers,2022.0,Proforest,ORG-045,PDF,https://www.proforest.net/fileadmin/uploads/proforest/DDD_Reference_cocoa_2022.pdf,Proforest. (2022). EU Regulation on Deforestation-Free Products: Reference Document for Cocoa Producers and Importers. https://www.proforest.net/fileadmin/uploads/proforest/DDD_Reference_cocoa_2022.pdf,extracted,55.0,200117,/mnt/data/_corpus_extracted/Batch 08/DDD_Reference_cocoa_2022.pdf,batch_file_exact,counted_in_v1.3
DOC-089,Batch 09,PF_DCFMethodology_Nov2022.pdf,Verified Deforestation and Conversion Free (V-DCF): Generic methodology and approach (Version 2.0),2022.0,Proforest,ORG-045,PDF,https://www.proforest.net/fileadmin/uploads/proforest/Photos/Publications/PF_DCFMethodology_Nov2022.pdf,Proforest. (2022). Verified Deforestation and Conversion Free (V-DCF): Generic methodology and approach (Version 2.0). https://www.proforest.net/fileadmin/uploads/proforest/Photos/Publications/PF_DCFMethodology_Nov2022.pdf,extracted,10.0,11089,/mnt/data/_corpus_extracted/Batch 09/PF_DCFMethodology_Nov2022.pdf,batch_file_exact,counted_in_v1.3
DOC-091,Batch 05,English-piloto_EUDR_Proforest_en_26_03_RF.pdf,English piloto EUDR Proforest en 26 03 RF,,Proforest,ORG-045,PDF,https://www.proforest.net/knowledge-and-resources/publications/,Proforest. (n.d.). English piloto EUDR Proforest en 26 03 RF. https://www.proforest.net/knowledge-and-resources/publications/,extracted,35.0,98808,/mnt/data/_corpus_extracted/Batch 05/English-piloto_EUDR_Proforest_en_26_03_RF.pdf,batch_file_exact,counted_in_v1.3
DOC-092,Batch 09,Protecting_Forests_Open_Data_Proforest_Report.pdf,Protecting Forests Open Data Proforest Report,,Proforest,ORG-045,PDF,https://www.proforest.net/fileadmin/uploads/proforest/Documents/Protecting_Forests_Open_Data_Proforest_Report.pdf,Proforest. (n.d.). Protecting Forests Open Data Proforest Report. https://www.proforest.net/fileadmin/uploads/proforest/Documents/Protecting_Forests_Open_Data_Proforest_Report.pdf,extracted,39.0,83392,/mnt/data/_corpus_extracted/Batch 09/Protecting_Forests_Open_Data_Proforest_Report.pdf,batch_file_exact,counted_in_v1.3
DOC-093,Batch 05,bn03_rsp_web.pdf,Implementing responsible sourcing – using landscape or jurisdictional initiatives,,Proforest,ORG-045,PDF,https://www.proforest.net/fileadmin/uploads/proforest/Documents/Publications/bn03_rsp_web.pdf,Proforest. (n.d.). Implementing responsible sourcing – using landscape or jurisdictional initiatives. https://www.proforest.net/fileadmin/uploads/proforest/Documents/Publications/bn03_rsp_web.pdf,extracted,4.0,10805,/mnt/data/_corpus_extracted/Batch 09/bn03_rsp_web.pdf,multi_filename_first_fallback,counted_in_v1.3
DOC-094,Batch 09,responsible_sourcing_practical_guide_online_version.pdf,Responsible Sourcing: A Practical Guide,,Proforest,ORG-045,PDF,https://www.proforest.net/fileadmin/uploads/proforest/Documents/Publications/responsible_sourcing_practical_guide_online_version.pdf,Proforest. (n.d.). Responsible Sourcing: A Practical Guide. https://www.proforest.net/fileadmin/uploads/proforest/Documents/Publications/responsible_sourcing_practical_guide_online_version.pdf,extracted,30.0,63183,/mnt/data/_corpus_extracted/Batch 07/responsible_sourcing_practical_guide_online_version.pdf,multi_filename_first_fallback,counted_in_v1.3
DOC-095,Batch 08,EU-deforestation-regulation-Key-principles-and-recommendations.pdf,Risk Benchmarking for the EUDR: Key principles & recommendations,2023.0,"Proforest, TRASE",ORG-045; ORG-057,PDF,https://www.proforest.net/knowledge-and-resources/publications/risk-benchmarking-for-the-eu-deforestation-regulation-key-principles-recommendations-14757/,Proforest & Trase. (2023). Risk Benchmarking for the EUDR: Key principles & recommendations. https://www.proforest.net/knowledge-and-resources/publications/risk-benchmarking-for-the-eu-deforestation-regulation-key-principles-recommendations-14757/,extracted,18.0,44089,/mnt/data/_corpus_extracted/Batch 08/EU-deforestation-regulation-Key-principles-and-recommendations.pdf,batch_file_exact,counted_in_v1.3
DOC-096,Batch 04,wcf-quantis-ghg-accounting-for-cocoa-20250715.pdf,wcf quantis ghg accounting for cocoa 20250715,2025.0,"Quantis, World Cocoa Foundation (WCF)",ORG-063; ORG-046,PDF,https://worldcocoafoundation.org/storage/files/wcf-quantis-ghg-accounting-for-cocoa-20250715.pdf,World Cocoa Foundation & Quantis. (2025). wcf quantis ghg accounting for cocoa 20250715. https://worldcocoafoundation.org/storage/files/wcf-quantis-ghg-accounting-for-cocoa-20250715.pdf,extracted,109.0,229001,/mnt/data/_corpus_extracted/Batch 04/wcf-quantis-ghg-accounting-for-cocoa-20250715.pdf,batch_file_exact,counted_in_v1.3
DOC-097,Batch 09,The Rainforest Alliance Approach to EUDR.pdf,The Rainforest Alliance Approach to EUDR,2025.0,Rainforest Alliance,ORG-048,PDF,https://knowledge.rainforest-alliance.org/docs/the-rainforest-alliance-approach-to-eudr,Rainforest Alliance. (2025). The Rainforest Alliance Approach to EUDR. https://knowledge.rainforest-alliance.org/docs/the-rainforest-alliance-approach-to-eudr,extracted,21.0,31995,/mnt/data/_corpus_extracted/Batch 09/The Rainforest Alliance Approach to EUDR.pdf,batch_file_exact,counted_in_v1.3
DOC-098,Batch 09,v1_framework_EN.pdf,Assessment framework (Version 1.0),2021.0,Rainforest Alliance,ORG-048,PDF,https://www.landscale.org/wp-content/uploads/2022/10/v1_framework_EN.pdf,Rainforest Alliance. (2021). Assessment framework (Version 1.0). https://www.landscale.org/wp-content/uploads/2022/10/v1_framework_EN.pdf,extracted,23.0,42648,/mnt/data/_corpus_extracted/Batch 09/v1_framework_EN.pdf,batch_file_exact,counted_in_v1.3
DOC-099,Batch 09,V1.1 Assessment Framework_2025.pdf,"Landscale ASSESSMENT FRAMEWORK, ASSESSMENT GUIDELINES | VERSION 1.1",2025.0,Rainforest Alliance,ORG-048,PDF,https://docs.landscale.org/assessment-guidelines/get-started/introduction-to-the-landscale-system/landscale-assessment-framework,"Rainforest Alliance. (2025). Landscale ASSESSMENT FRAMEWORK, ASSESSMENT GUIDELINES | VERSION 1.1. https://docs.landscale.org/assessment-guidelines/get-started/introduction-to-the-landscale-system/landscale-assessment-framework",extracted,24.0,43179,/mnt/data/_corpus_extracted/Batch 09/V1.1 Assessment Framework_2025.pdf,batch_file_exact,counted_in_v1.3
DOC-100,Converted Sources,DOC-064_RSZPO_GeoRSPO_Platform_2019.pdf,GeoRSPO platform (converted to PDF from Website),2019.0,Roundtable on Sustainable Palm Oil (RSPO),ORG-049,PDF - converted source,https://rspo.org/as-an-organisation/tools/georspo/,Roundtable on Sustainable Palm Oil. (2019). GeoRSPO platform (converted to PDF from Website). https://rspo.org/as-an-organisation/tools/georspo/,extracted,5.0,3933,/mnt/data/DOC-064_RSZPO_GeoRSPO_Platform_2019.pdf,root_file,counted_in_v1.3
DOC-101,Batch 08,universal-mill-list-standardized-methodology-creating-global-database-palm-oil-mills.pdf,universal mill list standardized methodology creating global database palm oil mills,,Roundtable on Sustainable Palm Oil (RSPO),ORG-049,PDF,https://rspo.org/,Roundtable on Sustainable Palm Oil. (n.d.). universal mill list standardized methodology creating global database palm oil mills. https://rspo.org/,extracted,16.0,43202,/mnt/data/_corpus_extracted/Batch 08/universal-mill-list-standardized-methodology-creating-global-database-palm-oil-mills.pdf,batch_file_exact,counted_in_v1.3
DOC-102,Batch 08,ofi Scaling FLRI whitepaper update.pdf,Olam Food Ingredients and Satelligence present: Scaling the Forest Loss Risk Index (FLRI) approach across landscapes,2023.0,Satelligence,ORG-051,PDF,https://satelligence.com/wp-content/uploads/2023/10/FLRIwhitepaper.pdf,Satelligence. (2023). Olam Food Ingredients and Satelligence present: Scaling the Forest Loss Risk Index (FLRI) approach across landscapes. https://satelligence.com/wp-content/uploads/2023/10/FLRIwhitepaper.pdf,extracted,22.0,23818,/mnt/data/_corpus_extracted/Batch 08/ofi Scaling FLRI whitepaper update.pdf,batch_file_exact,counted_in_v1.3
DOC-103,Batch 09,White-Paper-GFLI-Feed-Ingredients-Final.pdf,White Paper GFLI Feed Ingredients Final,,Satelligence,ORG-051,PDF,https://satelligence.com/,Satelligence. (n.d.). White Paper GFLI Feed Ingredients Final. https://satelligence.com/,extracted,5.0,10076,/mnt/data/_corpus_extracted/Batch 09/White-Paper-GFLI-Feed-Ingredients-Final.pdf,batch_file_exact,counted_in_v1.3
DOC-104,Batch 08,supplementary_methodological_material_2022.pdf,Monitoring through satellite images: methodological supplement,2022.0,Soy Moratorium Working Group,ORG-052,PDF,https://moratoriadasoja.com.br/assets/files/en/supplementary_methodological_material_2022.pdf,Soy Moratorium Working Group. (2022). Monitoring through satellite images: methodological supplement. https://moratoriadasoja.com.br/assets/files/en/supplementary_methodological_material_2022.pdf,extracted,24.0,40544,/mnt/data/_corpus_extracted/Batch 08/supplementary_methodological_material_2022.pdf,batch_file_exact,counted_in_v1.3
DOC-105,Batch 06,What Is Supply Chain Mapping_SEI PCS.pdf,What Is Supply Chain Mapping SEI PCS,,Stockholm Environment Institute (SEI),ORG-053,PDF,https://www.sei.org/,Stockholm Environment Institute. (n.d.). What Is Supply Chain Mapping SEI PCS. https://www.sei.org/,extracted,44.0,10813,/mnt/data/_corpus_extracted/Batch 06/What Is Supply Chain Mapping_SEI PCS.pdf,batch_file_exact,counted_in_v1.3
DOC-106,Batch 03,tnc-environmentalframeworksoy-eng.pdf,tnc environmentalframeworksoy eng,,The Nature Conservancy (TNC),ORG-056,PDF,https://www.nature.org/,The Nature Conservancy. (n.d.). tnc environmentalframeworksoy eng. https://www.nature.org/,extracted,71.0,132318,/mnt/data/_corpus_extracted/Batch 03/tnc-environmentalframeworksoy-eng.pdf,batch_file_exact,counted_in_v1.3
DOC-107,Batch 09,Trase_supply_chain_mapping_manual.pdf,Supply chain mapping manual: SEI-PCS,2018.0,Trase,ORG-057,PDF,https://resources.trase.earth/documents/Trase_supply_chain_mapping_manual.pdf,Trase. (2018). Supply chain mapping manual: SEI-PCS. https://resources.trase.earth/documents/Trase_supply_chain_mapping_manual.pdf,extracted,15.0,42614,/mnt/data/_corpus_extracted/Batch 09/Trase_supply_chain_mapping_manual.pdf,batch_file_exact,counted_in_v1.3
DOC-108,Batch 08,The_Beijing-Brasilia_effect.pdf,The Beijing Brasilia effect,,TRASE,ORG-057,PDF,https://resources.trase.earth/,Trase. (n.d.). The Beijing Brasilia effect. https://resources.trase.earth/,extracted,23.0,56356,/mnt/data/_corpus_extracted/Batch 08/The_Beijing-Brasilia_effect.pdf,batch_file_exact,counted_in_v1.3
DOC-109,Batch 07,TFA-Assessing-Traceability-Monitoring-and-Sustainability-Initiatives-in-Key-Soft-Commodities_Final-Report.pdf,TFA Assessing Traceability Monitoring and Sustainability Initiatives in Key Soft Commodities Final Report,,Tropical Forest Alliance (TFA),ORG-058,PDF,https://www.tropicalforestalliance.org/,Tropical Forest Alliance. (n.d.). TFA Assessing Traceability Monitoring and Sustainability Initiatives in Key Soft Commodities Final Report. https://www.tropicalforestalliance.org/,extracted,92.0,235023,/mnt/data/_corpus_extracted/Batch 07/TFA-Assessing-Traceability-Monitoring-and-Sustainability-Initiatives-in-Key-Soft-Commodities_Final-Report.pdf,batch_file_exact,counted_in_v1.3
DOC-110,Batch 07,ae088-bn02a-understandthesupplychain_eng_final_v1.0.pdf,Forest Data Partnership (Transparent Supply Chains),,UN Food and Agriculture Organization (FAO),ORG-059,PDF,https://www.fao.org/transparent-supply-chains/forest-data-partnership/en,Food and Agriculture Organization of the United Nations. (n.d.). Forest Data Partnership (Transparent Supply Chains). https://www.fao.org/transparent-supply-chains/forest-data-partnership/en,extracted,20.0,57426,/mnt/data/_corpus_extracted/Batch 07/ae088-bn02a-understandthesupplychain_eng_final_v1.0.pdf,batch_file_exact,counted_in_v1.3
DOC-111,Batch 07,FAO_Smallholder Data Governance_PbN_Study Presentation Nov25.pdf,FAO Smallholder Data Governance PbN Study Presentation Nov25,,UN Food and Agriculture Organization (FAO),ORG-059,PDF,https://www.fao.org/forest-data-partnership/en/,Food and Agriculture Organization of the United Nations. (n.d.). FAO Smallholder Data Governance PbN Study Presentation Nov25. https://www.fao.org/forest-data-partnership/en/,extracted,23.0,11421,/mnt/data/_corpus_extracted/Batch 07/FAO_Smallholder Data Governance_PbN_Study Presentation Nov25.pdf,batch_file_exact,counted_in_v1.3
DOC-112,Batch 07,cd0957en.pdf,"Towards a digital public infrastructure for deforestation-related trade regulations, What is in that plot? (Whisp) solution to implement convergence of evidence",,UN Food and Agriculture Organization (FAO),ORG-059,PDF,https://www.fao.org/4/cd0957en/cd0957en.pdf,"Food and Agriculture Organization of the United Nations. (n.d.). Towards a digital public infrastructure for deforestation-related trade regulations, What is in that plot? (Whisp) solution to implement convergence of evidence. https://www.fao.org/4/cd0957en/cd0957en.pdf",extracted,20.0,31453,/mnt/data/_corpus_extracted/Batch 05/cd0957en.pdf,multi_filename_first_fallback,counted_in_v1.3
DOC-113,Batch 01,Physical-traceability-in-Greenhouse-Gas-accounting-2.pdf,"Physical traceability in greenhouse gas accounting: A practical publication for companies, standards and verification bodies on how traceability and chain-of-custody apply to GHG accounting — Food & Agriculture sector",2024.0,"Value Change Initiative (VCI), iSEAL",ORG-060; ORG-033,PDF,https://valuechangeinitiative.com/resource/physical-traceability-in-greenhouse-gas-accounting/,"Value Change Initiative & ISEAL. (2024). Physical traceability in greenhouse gas accounting: A practical publication for companies, standards and verification bodies on how traceability and chain-of-custody apply to GHG accounting — Food & Agriculture sector. https://valuechangeinitiative.com/resource/physical-traceability-in-greenhouse-gas-accounting/",extracted,84.0,245860,/mnt/data/Physical-traceability-in-Greenhouse-Gas-accounting-2.pdf,root_file,counted_in_v1.3
DOC-114,Batch 09,JNR-Scenario-2-Requirements-v4.1.pdf,JNR Scenario 2 Requirements v4.1,2024.0,Verra,ORG-061,PDF,https://verra.org/wp-content/uploads/2024/08/JNR-Scenario-2-Requirements-v4.1.pdf,Verra. (2024). JNR Scenario 2 Requirements v4.1. https://verra.org/wp-content/uploads/2024/08/JNR-Scenario-2-Requirements-v4.1.pdf,extracted,57.0,134987,/mnt/data/_corpus_extracted/Batch 09/JNR-Scenario-2-Requirements-v4.1.pdf,batch_file_exact,counted_in_v1.3
DOC-115,Batch 09,Jurisdictional-and-Nested-REDD-Guide-v4.1-2.pdf,Jurisdictional and Nested REDD Guide v4.1 2,,Verra,ORG-061,PDF,https://verra.org/wp-content/uploads/2024/08/Jurisdictional-and-Nested-REDD-Guide-v4.1.pdf,Verra. (n.d.). Jurisdictional and Nested REDD Guide v4.1 2. https://verra.org/wp-content/uploads/2024/08/Jurisdictional-and-Nested-REDD-Guide-v4.1.pdf,extracted,9.0,12909,/mnt/data/_corpus_extracted/Batch 09/Jurisdictional-and-Nested-REDD-Guide-v4.1-2.pdf,batch_file_exact,counted_in_v1.3
DOC-116,Batch 06,Soft-Commodities-Forum-SCF24_AnnualReport-2024-EN.pdf,Progress Report & risk assessment methodology,2024.0,WBCSD Soft Commodity Forum (SCF),ORG-062,PDF,https://www.cofcointernational.com/media/rupkzhxi/soft-commodities-forum-scf24_annualreport-2024-en-1.pdf,World Business Council for Sustainable Development. (2024). Progress Report & risk assessment methodology. https://www.cofcointernational.com/media/rupkzhxi/soft-commodities-forum-scf24_annualreport-2024-en-1.pdf,extracted,45.0,94191,/mnt/data/_corpus_extracted/Batch 06/Soft-Commodities-Forum-SCF24_AnnualReport-2024-EN.pdf,batch_file_exact,counted_in_v1.3
DOC-117,Batch 05,Agriculture-Sector-Roadmap_Jan-2023.pdf,Agricultural Sector Roadmap to 1.5 C,2023.0,WBCSD Soft Commodity Forum (SCF),ORG-062,PDF,https://www.wbcsd.org/wp-content/uploads/2023/01/Agriculture-Sector-Roadmap_Jan-2023.pdf,World Business Council for Sustainable Development. (2023). Agricultural Sector Roadmap to 1.5 C. https://www.wbcsd.org/wp-content/uploads/2023/01/Agriculture-Sector-Roadmap_Jan-2023.pdf,extracted,40.0,73584,/mnt/data/_corpus_extracted/Batch 09/Agriculture-Sector-Roadmap_Jan-2023.pdf,pdftotext_remaining,counted_in_v1.3
DOC-118,Batch 08,wcf-deforestation-risk-assesement-methodology.pdf,Deforestation Risk Assessment Methodology,2024.0,World Cocoa Foundation (WCF),ORG-063,PDF,https://worldcocoafoundation.org/programmes-and-initiatives/deforestation-risk-assessment-methodology,World Cocoa Foundation. (2024). Deforestation Risk Assessment Methodology. https://worldcocoafoundation.org/programmes-and-initiatives/deforestation-risk-assessment-methodology,extracted,21.0,21627,/mnt/data/_corpus_extracted/Batch 08/wcf-deforestation-risk-assesement-methodology.pdf,pdftotext_remaining,counted_in_v1.3
DOC-119,Batch 08,041525-ciat-wcf-assessment-best-practices.pdf,Establishing best practices and evaluating data and methods for forest monitoring,2025.0,"World Cocoa Foundation (WCF), Alliance of Bioversity International and CIAT",ORG-005; ORG-063,PDF,https://worldcocoafoundation.org/storage/files/041525-ciat-wcf-assessment-best-practices.pdf,Alliance of Bioversity International and CIAT & World Cocoa Foundation. (2025). Establishing best practices and evaluating data and methods for forest monitoring. https://worldcocoafoundation.org/storage/files/041525-ciat-wcf-assessment-best-practices.pdf,extracted,74.0,191245,/mnt/data/_corpus_extracted/Batch 08/041525-ciat-wcf-assessment-best-practices.pdf,pdftotext_remaining,counted_in_v1.3
DOC-120,Batch 08,dcf-criteria_beef.pdf,"""BRAZIL-CHINA | COMPLIANCE WITH BRAZILIAN LEGISLATION AND ADDITIONAL CRITERIA FOR DEFORESTATION AND CONVERSION-FREE PRACTICE""",,World Resource Institute Brasil,ORG-064,PDF,https://www.wribrasil.org.br/,"World Resources Institute Brasil. (n.d.). ""BRAZIL-CHINA | COMPLIANCE WITH BRAZILIAN LEGISLATION AND ADDITIONAL CRITERIA FOR DEFORESTATION AND CONVERSION-FREE PRACTICE"". https://www.wribrasil.org.br/",extracted,2.0,6203,/mnt/data/_corpus_extracted/Batch 09/dcf-criteria_beef.pdf,pdftotext_remaining,counted_in_v1.3
DOC-121,Batch 08,GFW Pro Overview Latest_11082024.pdf,GFW Pro Help Center,2024.0,World Resources Institute (WRI),ORG-065,PDF,https://www.globalforestwatch.org/help/gfw-pro/,World Resources Institute. (2024). GFW Pro Help Center. https://www.globalforestwatch.org/help/gfw-pro/,extracted,44.0,17114,/mnt/data/_corpus_extracted/Batch 08/GFW Pro Overview Latest_11082024.pdf,pdftotext_remaining,counted_in_v1.3
DOC-122,Batch 06,WRI Cocoa DRA ghana.pdf,WRI Cocoa DRA ghana,,World Resources Institute (WRI),ORG-065,PDF,https://www.wri.org/,World Resources Institute. (n.d.). WRI Cocoa DRA ghana. https://www.wri.org/,extracted,30.0,130009,/mnt/data/_corpus_extracted/Batch 06/WRI Cocoa DRA ghana.pdf,pdftotext_remaining,counted_in_v1.3
DOC-123,Batch 08,Global Forest Watch Pro Platform Analysis 11 05 2026.pdf,Global Forest Watch Pro Platform Analysis 11 05 2026,2026.0,World Resources Institute (WRI),ORG-065,PDF,https://www.wri.org/,World Resources Institute. (2026). Global Forest Watch Pro Platform Analysis 11 05 2026. https://www.wri.org/,extracted,44.0,66509,/mnt/data/_corpus_extracted/Batch 08/Global Forest Watch Pro Platform Analysis 11 05 2026.pdf,pdftotext_remaining,counted_in_v1.3
DOC-124,Batch 09,WWF WRI minimum-monitoring-criteria-for-deforestation--and-conversion-free.pdf,Minimum Monitoring Criteria for Deforestation and Conversion-Free (DCF) Products – for Commodities Originating in Brazil. - Sy Maize Cotton,2025.0,World Wildlife Fund  (WWF),ORG-066,PDF,https://wwfbrnew.awsassets.panda.org/downloads/minimum-monitoring-criteria-for-deforestation--and-conversion-free--dcf--products_soy_1.pdf,World Wildlife Fund. (2025). Minimum Monitoring Criteria for Deforestation and Conversion-Free (DCF) Products – for Commodities Originating in Brazil. - Sy Maize Cotton. https://wwfbrnew.awsassets.panda.org/downloads/minimum-monitoring-criteria-for-deforestation--and-conversion-free--dcf--products_soy_1.pdf,extracted,9.0,33633,/mnt/data/_corpus_extracted/Batch 09/WWF WRI minimum-monitoring-criteria-for-deforestation--and-conversion-free.pdf,pdftotext_remaining,counted_in_v1.3
DOC-125,Batch 04,88x7f9hpn9_DCF_Implementation_Toolkit_User_Guide_02.12.21.pdf,DCF Implementation Toolkit - User Guide,,World Wildlife Fund  (WWF),ORG-066,PDF,https://wwfbr.awsassets.panda.org/downloads/88x7f9hpn9_DCF_Implementation_Toolkit_User_Guide_02.12.21.pdf,World Wildlife Fund. (n.d.). DCF Implementation Toolkit - User Guide. https://wwfbr.awsassets.panda.org/downloads/88x7f9hpn9_DCF_Implementation_Toolkit_User_Guide_02.12.21.pdf,extracted,9.0,15622,/mnt/data/_corpus_extracted/Batch 09/88x7f9hpn9_DCF_Implementation_Toolkit_User_Guide_02.12.21.pdf,pdftotext_remaining,counted_in_v1.3
DOC-126,Batch 09,Presentation_DCFMinimumCriteria_EN.pdf,Introducing DCF Minimum Criteria and Operationalizing the AFI in Brazil,,World Wildlife Fund  (WWF),ORG-066,PDF,https://wwfbrnew.awsassets.panda.org/downloads/presentation_dcfminimumcriteria_en.pdf,World Wildlife Fund. (n.d.). Introducing DCF Minimum Criteria and Operationalizing the AFI in Brazil. https://wwfbrnew.awsassets.panda.org/downloads/presentation_dcfminimumcriteria_en.pdf,extracted,22.0,8996,/mnt/data/_corpus_extracted/Batch 05/Presentation_DCFMinimumCriteria_EN.pdf,pdftotext_remaining,counted_in_v1.3
